document_id,set,question,answer1,answer2,question_tokenized,answer1_tokenized,answer2_tokenized,question_span_grounded,question_linenum,answer_span_grounded,answer_linenum
014de1a8802c05ff64efa047e9290fb7fccea2b4,test,Who is Nightspore?,Maskull,maskull,Who is Nightspore ?,Maskull,maskull,Nightspore,796,Maskull,797
019a9611dd8e1b822bd0a58f075cc4a30bdd0797,test,Who is Jacob to Lisbeth?,He is her brother. ,Her brother,Who is Jacob to Lisbeth ?,He is her brother .,Her brother,Lisbeth,1681,Jacob,1687
02ec0dda4d6b545c8a180b4e66108f32acc7fefa,train,Who is Jason Allison?,Dr. Jay Allison's other personality,Dr. Jay Allison's secondary personality,Who is Jason Allison ?,Dr. Jay Allison s other personality,Dr. Jay Allison s secondary personality,Jason,3203,Jay,254
02ec0dda4d6b545c8a180b4e66108f32acc7fefa,train,Who is Jason Allison?,Dr. Jay Allison's secondary personality,Second personality.,Who is Jason Allison ?,Dr. Jay Allison s secondary personality,Second personality .,Jason,595,Jay,254
03690ff2154ebecb454ea267cec529358ab6923b,test,Who is Mrs. Baines to Sophia and Constance?,Their mother.,Their mother.,Who is Mrs. Baines to Sophia and Constance ?,Their mother .,Their mother .,Baines,144,mother,579
03a048c35b81d8a422e0efd0d5de016b63659869,train,Who is Isidore Beautrelet?,A young amateur detective.,A gifted high school detective.,Who is Isidore Beautrelet ?,A young amateur detective .,A gifted high school detective .,Isidore Beautrelet,1287,detective,1289
03a048c35b81d8a422e0efd0d5de016b63659869,train,Who is Louis Valmeras?,Arsene Lupin.,Arsene Lupin,Who is Louis Valmeras ?,Arsene Lupin .,Arsene Lupin,Louis,5249,Lupin,7817
042bb7019f583cebe3290795149fdc70412ad813,valid,Who is Sophia?,Sophia is Nadia's real name.,Sophia is a criminal posing as a mail-order bride named Nadia.,Who is Sophia ?,Sophia is Nadia s real name .,Sophia is a criminal posing as a mail-order bride named Nadia .,Sophia,4753,Nadia,417
0434145d9284423a36a714fc55246ed0bdc39a82,train,WHO IS CATHERINE TO MARTY?,HIS AUNT,His aunt,WHO IS CATHERINE TO MARTY ?,HIS AUNT,His aunt,Catherine,651,Marty,4305
04dc9134485dee27252734f24c2a3b3dd397b8a4,train,Who is Marge?,The Brainerd police chief,Brainerd police chief,Who is Marge ?,The Brainerd police chief,Brainerd police chief,Marge,1928,Chief,2123
04ef491311759e1e853f9c7fc7e8c946c6eab31b,test,Who is Jake?,Bianca and Bernard's guide and protector,a hopping mouse who works for RAS,Who is Jake ?,Bianca and Bernard s guide and protector,a hopping mouse who works for RAS,Jake,866,guide,1088
050f88f6c8fed44ecbd7658b0f450fb705ce368d,train,Who is Li Mu Bai?,A Wudang swordsman.,An accomplished Wudang swordsman.,Who is Li Mu Bai ?,A Wudang swordsman .,An accomplished Wudang swordsman .,Li Mu Bai,493,swordsman,1695
050f88f6c8fed44ecbd7658b0f450fb705ce368d,train,Who is Lo to Jen?,He is a bandit who loves her.,Her love.,Who is Lo to Jen ?,He is a bandit who loves her .,Her love .,JEN,534,bandit,2338
08373775c3d82d8bbf4ff286a3a0076a3627c652,valid,Who is Percy a nephew of?,Louisiana's First Lady.,Louisiana's First Lady.,Who is Percy a nephew of ?,Louisiana s First Lady .,Louisiana s First Lady .,nephew,1316,she,1331
084e3e9625f032d6fc7454e94841a6045a0454e8,train,Who is Imar's twin-sister?,Marva,Marva.,Who is Imar s twin-sister ?,Marva,Marva .,Imar,7254,Marva,7381
084e3e9625f032d6fc7454e94841a6045a0454e8,train,Who is Marva?,Queen of Ossets,Queen of the Ossets.,Who is Marva ?,Queen of Ossets,Queen of the Ossets .,Marva,8459,Ossets,4943
08c3429e9717bc663bc5f41cd3a2c701c222ed2f,test,Who was Lucinda?,Lucinda was a doll,a doll,Who was Lucinda ?,Lucinda was a doll,a doll,Lucinda,96,doll,92
08c3429e9717bc663bc5f41cd3a2c701c222ed2f,test,Who was Jane? ,Lucinda cook,A DOLL THAT IS SUPPOSE TO BE THE COOK DOLL,Who was Jane ?,Lucinda cook,A DOLL THAT IS SUPPOSE TO BE THE COOK DOLL,Jane,99,Cook,99
09333c7d604bd412e6aef5d3e56b046ed301c5e5,test,Who is Morton?,He is an inspector,He is a police inspector called in to arrest Smith,Who is Morton ?,He is an inspector,He is a police inspector called in to arrest Smith,Morton,367,Inspector,699
0a133d2f741f023f11260893729c5dc63f9ef89a,train,Who is Newt?,The only known survivor of the colony.,A liitle girl.,Who is Newt ?,The only known survivor of the colony .,A liitle girl .,NEWT,953,survivor,274
0ac0e7c55534399855675cf41872ae6c5a8a32dd,valid,Who is Tito Melema?,A shipwrecked stranger and a young Italianate-Greek scholar.,An Italianate-Greek scholar ,Who is Tito Melema ?,A shipwrecked stranger and a young Italianate-Greek scholar .,An Italianate-Greek scholar,Tito Melema,1642,scholar,20946
0ac0e7c55534399855675cf41872ae6c5a8a32dd,valid,Who is Baldassarre?,Tito's adoptive father.,Tito's adopted father,Who is Baldassarre ?,Tito s adoptive father .,Tito s adopted father,Baldassarre,21546,father,2415
0b5d946ecfbdeb6629ae3f8cd42f4c499892e4ce,train,Who is Theodore de Summervieux?,An artist.,An artist ,Who is Theodore de Summervieux ?,An artist .,An artist,Theodore,719,artist,110
0b5d946ecfbdeb6629ae3f8cd42f4c499892e4ce,train,Who is Madame Rogiun?,Augustine's younger cousin. ,Madame Guillaume's younger cousin.,Who is Madame Rogiun ?,Augustine s younger cousin .,Madame Guillaume s younger cousin .,Madame,332,cousin,1127
0bae1f959cf453f77d465ab3d7de58735c3cea38,train,Who is Duke Mitchell in relation to Maverick?,His father.,His father,Who is Duke Mitchell in relation to Maverick ?,His father .,His father,MITCHELL,312,father,5518
0bb7c49bd644d0a4c0ea9fd6239e84c07013a811,train,Who is a civil war veteran?,Lighnin' Bill is a civil war veteran.,Lightnin' Bill Jones,Who is a civil war veteran ?,Lighnin ' Bill is a civil war veteran .,Lightnin ' Bill Jones,veteran,3657,Bill Jones,4530
0bc7352d6a0e678c0d8acc57c0c1cc3466fe9ef7,train,Who is Keisha?,Lucky's daughter,Lucky's daughter,Who is Keisha ?,Lucky s daughter,Lucky s daughter,Keisha,702,daughter,739
0bd270c8c46f84a4abd99d65e2f17a9e11a7f76d,test,Who was Tony Clifton?,Andy Kaufman in disguise.,a villain character that was created by Haufman,Who was Tony Clifton ?,Andy Kaufman in disguise .,a villain character that was created by Haufman,Tony Clifton,945,Kaufman,7297
0bec3c185ffe7f716108fce8bd4a1558d4cd4a54,train,Who is Billy's sisters boyfriend?,Andy,Andy,Who is Billy s sisters boyfriend ?,Andy,Andy,boyfriend,3815,Andy,5008
0c1274df8299049d4959ef8a1ea23a6a68e26f6e,test,Who is Holly?,Stanley Jobsonâs daughter,Stanley and Melissa's daughter.,Who is Holly ?,Stanley Jobsonâs daughter,Stanley and Melissa s daughter .,Holly,1223,daughter,1246
0cd690f600881ef37a4e36ca79e378c733636c30,test,Who is Zuleika's grandfather?,The Warden of Judas College,The Warden of Judas College.,Who is Zuleika s grandfather ?,The Warden of Judas College,The Warden of Judas College .,Zuleika,113,Warden,8402
0d0bc01441afbec48663e3b38827e1529a287765,test,Who is Helen Chester?,The niece of Judge Arthur Chester.,Judges Arthur Chester's neice,Who is Helen Chester ?,The niece of Judge Arthur Chester .,Judges Arthur Chester s neice,Helen Chester,1032,niece,1602
0d0bc01441afbec48663e3b38827e1529a287765,test,Who is Alexander McNamara?,A politician seeking control in the Alaskan Territory.,A politician,Who is Alexander McNamara ?,A politician seeking control in the Alaskan Territory .,A politician,McNamara,216,politician,1722
0d6f958d03124c4176549fce64ed4e7849e351f9,train,Who is Augusta?,Augusta is Emmeline's friend and Delemare's sister,Delamere's sister.,Who is Augusta ?,Augusta is Emmeline s friend and Delemare s sister,Delamere s sister .,Augusta,2697,sister,1893
0d6f958d03124c4176549fce64ed4e7849e351f9,train,Who is Godolphin's sister? ,Adelina,Adelina,Who is Godolphin s sister ?,Adelina,Adelina,Godolphin,9896,Adelina,23154
0e386fb9ead81ac7dbda4798564ab2f7968234c8,train,Who is George to Rabina?,Her husband.,One is son and the other is husband.,Who is George to Rabina ?,Her husband .,One is son and the other is husband .,George,285,husband,6551
0ecd1d809dabb7dab891d9c8a9e19a5f76397d2d,valid,Who is Esther?,A 9 year old girl whom Kate and John adopt.,"Leena Klammer , a mentally ill 33 year old woman with hypopituitarism. ",Who is Esther ?,A 9 year old girl whom Kate and John adopt .,"Leena Klammer , a mentally ill 33 year old woman with hypopituitarism .",KATE,225,girl,6720
0f849890e27fd05b9a8683d111f489515db72ea4,train,Who is Agave and Cadmus' son?,Pentheus,Pentheus,Who is Agave and Cadmus ' son ?,Pentheus,Pentheus,son,225,Pentheus,506
0ffdd0e4abb67f0012a68d719a2d509ee8ec643d,train,Who is Nate?,McCauley's fence.,McCauley's fence,Who is Nate ?,McCauley s fence .,McCauley s fence,NATE,1060,fence,1066
0ffdd0e4abb67f0012a68d719a2d509ee8ec643d,train,Who is Lauren?,Hanna's stepdaughter.,Hanna's step daughter,Who is Lauren ?,Hanna s stepdaughter .,Hanna s step daughter,LAUREN,430,stepdaughter,5229
105672e2bb1bcc9dd50e90822ca49a66876ac198,train,Who is Trampas to the Virginian?,He is a gambler that the Virginian faced down. ,An enemy,Who is Trampas to the Virginian ?,He is a gambler that the Virginian faced down .,An enemy,Trampas,3223,gambler,7813
105672e2bb1bcc9dd50e90822ca49a66876ac198,train,Who is Trampas?,The Virginian's enemy.,a gambler who is enemies with the Virginian,Who is Trampas ?,The Virginian s enemy .,a gambler who is enemies with the Virginian,Trampas,967,gambler,7813
10910853a653d0e6ef540a1a3cc63ef2746a798c,train,Who is Danny Parker?,The alias of the protagonist,an addict and police informant,Who is Danny Parker ?,The alias of the protagonist,an addict and police informant,Danny,218,addict,4324
10c992498cf8bea350d6209b4b8f1d0437440694,train,Who is Edward de Vere's wife? ,Anne Cecil,Anne Cecil,Who is Edward de Vere s wife ?,Anne Cecil,Anne Cecil,Edward,585,wife,7925
11c498b404bec5dee6cbf41e54a8b682851fb934,valid,Who is  Slasher?,Slasher is a feral dog that joins Balthus and Conan.,a feral dog,Who is Slasher ?,Slasher is a feral dog that joins Balthus and Conan .,a feral dog,Slasher,1810,dog,1199
1225b1acc92c2554e91c09639f86c1d75f8e9161,train,Who is Isabel's brother?,Pierre,Pierre,Who is Isabel s brother ?,Pierre,Pierre,brother,632,Pierre,7673
1343fe0f3a4293a8d5a214cd30e857f9abe77ebb,train,Who is Ku-Klip?,The tinsmith.,He is the tinsmith.,Who is Ku-Klip ?,The tinsmith .,He is the tinsmith .,Ku-Klip,3573,tinsmith,3573
141a5885bb6d8df56dadbd617b5dec7db102701d,train,Who was Pino?,Sal's  elder son,Sal's son ,Who was Pino ?,Sal s elder son,Sal s son,PINO,390,son,591
145200abf14baeffa646797dfbfa58861cb4b079,test,Who is Alpha?,Alpha is a doberman and the leader of a pack of dogs.,a doberman,Who is Alpha ?,Alpha is a doberman and the leader of a pack of dogs .,a doberman,Alpha,3946,Doberman,3947
145200abf14baeffa646797dfbfa58861cb4b079,test,Who was Ellie to Carl?,his wife,Ellie is Carl's late wife.,Who was Ellie to Carl ?,his wife,Ellie is Carl s late wife .,ELLIE,534,wife,5021
145200abf14baeffa646797dfbfa58861cb4b079,test,Who is 9 year old Carl Fredricksen's hero?,"Charles Muntz, a famous explorer",Charles Muntz.,Who is 9 year old Carl Fredricksen s hero ?,"Charles Muntz , a famous explorer",Charles Muntz .,hero,5903,Muntz,4982
145200abf14baeffa646797dfbfa58861cb4b079,test,Who is Kevin?,"a colorful, flightless bird that Russell finds",A flightless bird. ,Who is Kevin ?,"a colorful , flightless bird that Russell finds",A flightless bird .,Kevin,3456,BIRD,3348
14ed79ad4d7dbda55c43a696dc1366a71605ac58,train,Who is Mattie Fae?,Violet's sister.,Violet's sister,Who is Mattie Fae ?,Violet s sister .,Violet s sister,Mattie,926,sister,954
14fc0de61e9e8044764da1fb9f647d8ceb60e561,test,Who is La Fleur to Yorick?,He is a servant who will join Yorick on his travels.,A servant,Who is La Fleur to Yorick ?,He is a servant who will join Yorick on his travels .,A servant,Fleur,1042,servant,1557
1528f4c003dde308ae74bdec458466765944ca6a,test,Who was Margaret?,Paul's wife.,Paul's wife.,Who was Margaret ?,Paul s wife .,Paul s wife .,Margaret,801,wife,881
1528f4c003dde308ae74bdec458466765944ca6a,test,Who was Tiffany?,Ted Waters girlfriend.,Ted Waters' girlfriend,Who was Tiffany ?,Ted Waters girlfriend .,Ted Waters ' girlfriend,Tiffany,661,girlfriend,2398
1528f4c003dde308ae74bdec458466765944ca6a,test,Who was Raymond?,Paul's brother,Paul's brother,Who was Raymond ?,Paul s brother,Paul s brother,Raymond,450,brother,479
15329a294f5c4e40208bc75102fbd312f58599cb,test,Who is Lucas?,"A police officer monitoring Walter, wanting to catch him reoffending to bust him back to prison.",police officer,Who is Lucas ?,"A police officer monitoring Walter , wanting to catch him reoffending to bust him back to prison .",police officer,LUCAS,357,officer,355
15e5cdd93340ecf4ab97248e15f3870eb26bf10b,train,Who is David in relationship to Kirk?,His son.,David is Kirk's son.,Who is David in relationship to Kirk ?,His son .,David is Kirk s son .,DAVID,786,son,6164
16380f54b88ffa64ca4cd82d3dc5481e78ad5118,test,WHO IS AMANDA TO BENHAM?,HIS WIFE,His wife.,WHO IS AMANDA TO BENHAM ?,HIS WIFE,His wife .,Amanda,4902,wife,10439
16380f54b88ffa64ca4cd82d3dc5481e78ad5118,test,WHO IS PROTHERO TO BENHAM?,A CHILDHOOD SCHOOL FRIEND,His friend,WHO IS PROTHERO TO BENHAM ?,A CHILDHOOD SCHOOL FRIEND,His friend,Prothero,297,friend,3061
16380f54b88ffa64ca4cd82d3dc5481e78ad5118,test,Who was Amanda?,Benham's  wife,a young woman he loved passionately,Who was Amanda ?,Benham s wife,a young woman he loved passionately,Benham,532,wife,1522
16380f54b88ffa64ca4cd82d3dc5481e78ad5118,test,Who was Prothero?,Benham's friend.,Benham's schoolboy friend,Who was Prothero ?,Benham s friend .,Benham s schoolboy friend,Prothero,302,friend,503
1773a177343713782c2437b460f5399aae80e18c,train,Who is Maggie to Adam?,Adam's daughter,His daughter,Who is Maggie to Adam ?,Adam s daughter,His daughter,Maggie,175,daughter,20279
17f2e2685467b6eebf01d2a643e31f53ea215e91,test,Who is Florentina?,Pablo's beautiful cousin whom he's supposed to marry.,Pablo's cousin.,Who is Florentina ?,Pablo s beautiful cousin whom he s supposed to marry .,Pablo s cousin .,Florentina,3259,cousin,4134
1853a60c054cce3f34f9969c558141580b925085,train,WHO IS LITTLE CHRIS TO BIG CHRIS?,HIS SON,son,WHO IS LITTLE CHRIS TO BIG CHRIS ?,HIS SON,son,Little Chris,716,son,4405
193805049ab9d8f8f745cee9d77d8d2ea8cc9a2d,train,Who was  Little Bilham?,Chad's friend,A friend of Chads.,Who was Little Bilham ?,Chad s friend,A friend of Chads .,little Bilham,77,friend,4691
193805049ab9d8f8f745cee9d77d8d2ea8cc9a2d,train,Who was Sarah Pocock?,Chad sisiter,Chad's sister,Who was Sarah Pocock ?,Chad sisiter,Chad s sister,Sarah Pocock,9601,sister,16753
193805049ab9d8f8f745cee9d77d8d2ea8cc9a2d,train,Who was Marie de Vionnnet?,Jeanne's mother., lovely woman of impeccable manners,Who was Marie de Vionnnet ?,Jeanne s mother .,lovely woman of impeccable manners,Marie de Vionnet,6682,mother,6442
194fd3c13f34b5a640280e7f43e59dbed66c215c,test,Who is Loki to Laufey?,Son,His son,Who is Loki to Laufey ?,Son,His son,Loki,721,son,6407
1b458192e39bd7fdf10e69d6b975844a211e72a9,train,Who was Jerry's brother?,Michael,michael,Who was Jerry s brother ?,Michael,michael,brother,193,Michael,7159
1c5ca93baf311815addd6b6fa1cdb23dd8c35b4a,train,Who was Bella Swan boyfriend?,Edward Cullen,Edward,Who was Bella Swan boyfriend ?,Edward Cullen,Edward,boyfriend,1213,Edward,6782
1c5ca93baf311815addd6b6fa1cdb23dd8c35b4a,train,Who was Jasper?,Edward brother,Edward's brother,Who was Jasper ?,Edward brother,Edward s brother,JASPER,631,brother,4022
1c5ca93baf311815addd6b6fa1cdb23dd8c35b4a,train,Who was Alice?,Edward sister,Edward's sister,Who was Alice ?,Edward sister,Edward s sister,Alice,959,sister,957
1d6b5926027e0ce1ae376bbd4798fa6a93c7a548,train,Who is Henry's wife?,Debbie,debbie,Who is Henry s wife ?,Debbie,debbie,wife,272,DEBBIE,272
1dcd41b8faacf141817133954ff78291593520b5,train,Who is Lady Lundies brother-in-law?,Sir Patrick Lundie,Sir Patrick Lundie,Who is Lady Lundies brother-in-law ?,Sir Patrick Lundie,Sir Patrick Lundie,brother-in-law,1998,Sir Patrick Lundie,1778
1e44e31fb8bb26dc8aae3ca3cd7131acb59a447f,train,Who was Margaret Brandt?,Gerard's  husband.,Margaret Roger,Who was Margaret Brandt ?,Gerard s husband .,Margaret Roger,Margaret Brandt,2168,husband,30652
1f3c4d904224764b1305205dfa99eae47c63240b,train,Who is Ignosi king of?,King of the Kukuanas.,Kukuanas,Who is Ignosi king of ?,King of the Kukuanas .,Kukuanas,Ignosi,3356,king of the Kukuanas,7354
1f8e03c7b6a6864108933fba1906455f78e4cfa6,train,Who is Hellboy?,An infant demon with a right hand made of stone.,An infant demon. ,Who is Hellboy ?,An infant demon with a right hand made of stone .,An infant demon .,Hellboy,1468,Demon,3003
20f1cc76a6b149b417e0d9943c7f2caac3a04875,train,Who is John Cedar?,The late Martin Semple's attorney.,Martin Semple's attorney.,Who is John Cedar ?,The late Martin Semple s attorney .,Martin Semple s attorney .,Cedar,311,attorney,9697
2114ee4681976de8a9d75d0e411ccc47bfa1caa3,train,WHO IS RONNIE TO KALE?,HIS BEST FRIEND.,Best friend,WHO IS RONNIE TO KALE ?,HIS BEST FRIEND .,Best friend,Ronnie,1623,friend,6886
2132babdf6d70933760a9d8e9c6ac5c3305ed253,valid,Who is Carl Hughes?,Chris Hughes' adoptive father. ,He's Chris' dad.,Who is Carl Hughes ?,Chris Hughes ' adoptive father .,He s Chris ' dad .,Charlie,446,son,448
214cb5277750c1ccddec0b10fa545c3c78c45f64,test,Who is Maleficent's daughter?,Mal,Mal,Who is Maleficent s daughter ?,Mal,Mal,daughter,830,Scottie,841
216a7a5535571aae2842944a3529fae1f664cb0f,train,Who is Marie's fiance?,Victor de Gisons,Victor de Gisons,Who is Marie s fiance ?,Victor de Gisons,Victor de Gisons,Marie,6152,Victor de Gisons,6769
229bcf6a72dbf68b2b074ab4266fa677da43f68d,train,Who is Eyolf?,Eyolf was the son of Alfred ans Rita,son of Alfred & Rita,Who is Eyolf ?,Eyolf was the son of Alfred ans Rita,son of Alfred & Rita,Eyolf,60,son,65
229bcf6a72dbf68b2b074ab4266fa677da43f68d,train,Who is  Astar?,Alfred's sister,Alfred's sister,Who is Astar ?,Alfred s sister,Alfred s sister,ASTA,322,sister,1891
22d1af3e29dc599ec0634fe860359027adea6944,test,Who is Grayes' brother?,Edward,the local rector,Who is Grayes ' brother ?,Edward,the local rector,brother,752,Edward,16885
22d80f4823a64ed818417fcf2d172222f0f18bbf,train,Who is Darryl? ,Darryl is Marcus' best friend,Marcus's best friend,Who is Darryl ?,Darryl is Marcus ' best friend,Marcus s best friend,Darryl,676,friend,13224
23fa36d9def95414a50968d216460d52f3dd3653,train,Who is Ventidius?,A Roman General,A Roman general,Who is Ventidius ?,A Roman General,A Roman general,VENTIDIUS,893,general,2222
254ce2e2522625e70a10c88ef265769083049b46,train,Who was Botton Bright? ,A cute and weatlhly little boy.,a little boy,Who was Botton Bright ?,A cute and weatlhly little boy .,a little boy,Bright,114,boy,563
254ce2e2522625e70a10c88ef265769083049b46,train,Who was Polychrome?,Polychrome was the daughter of Rainbow,the daughter of a rainbow,Who was Polychrome ?,Polychrome was the daughter of Rainbow,the daughter of a rainbow,Polychrome,113,Daughter,113
25643d5e536303284b5c4148ab4243671580adeb,train,Who is Remmo Gaggi?,The Chicago mafia boss.,A Mafia boss.,Who is Remmo Gaggi ?,The Chicago mafia boss .,A Mafia boss .,REMO GAGGI,5886,boss,5887
266f5b2295980ad31b5090a6c51b69055c87b3a7,train,Who is Elle's boyfriend?,Warner Huntington III,Warner,Who is Elle s boyfriend ?,Warner Huntington III,Warner,boyfriend,3112,Warner Huntington III,619
269ffd1de413e4556ac009ffabd821a869fdf75d,train,Who is Clotilde?,Pascal's niece,Pascal's niece,Who is Clotilde ?,Pascal s niece,Pascal s niece,Clotilde,91,niece,5053
269ffd1de413e4556ac009ffabd821a869fdf75d,train,Who is Tante Dide?,Pascal's grandmother,Pascal's grandmother,Who is Tante Dide ?,Pascal s grandmother,Pascal s grandmother,Aunt Dide,2072,grandmother,2491
269ffd1de413e4556ac009ffabd821a869fdf75d,train,Who is Antoine Macquart?,Pascal's alcoholic uncle,Felicite's brother-in-law. ,Who is Antoine Macquart ?,Pascal s alcoholic uncle,Felicite s brother-in-law .,Antoine Macquart,3873,Uncle,9231
27118c9662889769c25d52ff3b870b596d743518,valid,Who is Pandarus?,Criseyde's uncle.,Criseyde's uncle,Who is Pandarus ?,Criseyde s uncle .,Criseyde s uncle,Pandarus,756,uncle,6495
276006bb1b1bd92dca33b940d92fdb97b818f906,test,Who is Laura Newton?,The President's daughter.,The president's daughter.,Who is Laura Newton ?,The President s daughter .,The president s daughter .,Laura Newton,1291,daughter,4363
295d5533ffd87d5ff68f51902e13559bac902085,train,Who is Jeffrey Aspern?,A dead American poet who has become famous,A famous and now dead American poet,Who is Jeffrey Aspern ?,A dead American poet who has become famous,A famous and now dead American poet,Jeffrey Aspern,109,poet,2820
295d5533ffd87d5ff68f51902e13559bac902085,train,Who is Jeffrey Aspern?,a famous dead American poet,A dead American poet. ,Who is Jeffrey Aspern ?,a famous dead American poet,A dead American poet .,Jeffrey Aspern,96,poet,1627
2a74184610bf91866dbdf37cba0b874dfc748a86,valid,Who is Cratylus?,He is a disciple of Heraclitus.,A disciple of Heraclitus.,Who is Cratylus ?,He is a disciple of Heraclitus .,A disciple of Heraclitus .,Cratylus,103,follower,157
2b5468141ef0e57d4635249e7d9d9ff6039d18f4,train,Who is Jasper Leigh?,The person employed by Lionel to kidnap his brother Oliver. ,The man who kidnapped Oliver,Who is Jasper Leigh ?,The person employed by Lionel to kidnap his brother Oliver .,The man who kidnapped Oliver,Jasper Leigh,2382,man,13735
2b5d19eb7767f089cf6b5cee04106b964962eb00,train,Who is Tugg's agent?,Rick Peck,rick peck,Who is Tugg s agent ?,Rick Peck,rick peck,agent,2344,Rick Peck,2345
2c882e70f540d28c884fcedd83fc2c893c6dcbdf,train,Who is Jennie's daughter?,Vesta.,Vesta,Who is Jennie s daughter ?,Vesta .,Vesta,daughter,7440,Jennie,7928
2c882e70f540d28c884fcedd83fc2c893c6dcbdf,train,Who is Vesta?,Jennies daughter,Jennies daughter,Who is Vesta ?,Jennies daughter,Jennies daughter,Vesta,4529,daughter,641
2c882e70f540d28c884fcedd83fc2c893c6dcbdf,train,Who is Letty?,A rich widow who marries Lester,An affluent widow who marries Kane.,Who is Letty ?,A rich widow who marries Lester,An affluent widow who marries Kane .,Letty,5644,widow,7278
2caed8cd33002af756cef1c108986384a0b7066b,train,Who was Harold Lee?,He is an investment banker.,An investment banker.,Who was Harold Lee ?,He is an investment banker .,An investment banker .,HAROLD,300,banker,1997
2caed8cd33002af756cef1c108986384a0b7066b,train,Who was Maria?,Harold's neighbor.,Harold's neighbor,Who was Maria ?,Harold s neighbor .,Harold s neighbor,MARIA,620,woman,620
2cf851eeec79ada442b42d8d17d99cf24dbbb157,train,Who is Littlewit's Mother-in-Law? ,Dame Purecraft,Dame Purecraft,Who is Littlewit s Mother-in-Law ?,Dame Purecraft,Dame Purecraft,mother,355,DAME PURECRAFT,2141
2cf851eeec79ada442b42d8d17d99cf24dbbb157,train,Who is Dame Purecraft to Littlewit?,His mother-in-law.,Mother in Law.,Who is Dame Purecraft to Littlewit ?,His mother-in-law .,Mother in Law .,DAME PURECRAFT,981,mother,360
2f413edcd92b785fe7bf948138fde95c1a1d2b9c,test,Who is Vanessa?,Fait's daughter and Ling's girlfriend,Fait's daughter,Who is Vanessa ?,Fait s daughter and Ling s girlfriend,Fait s daughter,VANESSA,1027,daughter,1641
2fc2cfddbe1ca72a7c2ae750a6c8b656dad60f9b,test,Who is Saul's supplier?,Red,Red,Who is Saul s supplier ?,Red,Red,supplier,1255,Red,963
301cb14d65a257ef05cf122e2c0635b531d6e33c,train,Who is Lina?,Lina is the creature who accompanies Curdie on his way to Gwynystrom.,Curdie's beast companion,Who is Lina ?,Lina is the creature who accompanies Curdie on his way to Gwynystrom .,Curdie s beast companion,Lina,1903,creature,2244
311862def6b1e7d1cdf16a9b797f554e1dce866f,train,Who is Tommy's childhood sweetheart?,Nan,Nan,Who is Tommy s childhood sweetheart ?,Nan,Nan,sweetheart,212,Nan,10236
311862def6b1e7d1cdf16a9b797f554e1dce866f,train,Who is Tommy's childhood freind?,Nan,Nan,Who is Tommy s childhood freind ?,Nan,Nan,friend,217,Nan,196
311862def6b1e7d1cdf16a9b797f554e1dce866f,train,Who is bhaer's nephew?,Emil,Emil,Who is bhaer s nephew ?,Emil,Emil,Bhaer,116,nephew,8410
317fe46b2903da739b059733cd618db6ca49a494,train,Who is Jeff Lebowski?,Jeff Lebowski is also known as The Dude.,a slacker,Who is Jeff Lebowski ?,Jeff Lebowski is also known as The Dude .,a slacker,Lebowski,213,Dude,6547
31c7eca71291b68f55dec4af7e61b6bcae8c5a8a,valid,Who is Pelagia?,Phiammon's long lost sister. ,Philammon's sister,Who is Pelagia ?,Phiammon s long lost sister .,Philammon s sister,Pelagia,991,sister,17415
31c7eca71291b68f55dec4af7e61b6bcae8c5a8a,valid,Who is Philammon's sister?,Pelagia.,Peligia,Who is Philammon s sister ?,Pelagia .,Peligia,sister,9058,Pelagia,1770
331adcaf22f837c92a3c9ec6cc28b5a5c9689373,test,Who is John Carter?,The warlord of Mars?,Warlord of Mars,Who is John Carter ?,The warlord of Mars ?,Warlord of Mars,John Carter,1187,Warlord of Mars,147
331adcaf22f837c92a3c9ec6cc28b5a5c9689373,test,Who is princess of Ptarth?,Thuvia,Thuvia,Who is princess of Ptarth ?,Thuvia,Thuvia,princess,75,Thuvia,70
344cddeff8cb90fe176ea9809fd8d3169a7dba34,test,Who is Austin to Maud?,Her father.,her father,Who is Austin to Maud ?,Her father .,her father,Austin,1961,father,292
34d16136feb3eba74060953631414400f9a3cb20,train,Who is Edward Scrope?,Lord Bishop of Princhester,Lord Bishop of Princhester.,Who is Edward Scrope ?,Lord Bishop of Princhester,Lord Bishop of Princhester .,Edward Scrope,3281,bishop,7113
350c0f8265c2d1183fd9a7e2a92c748998ac8775,test,Who is David's captive?,A reptilian Mahar,A Mahar,Who is David s captive ?,A reptilian Mahar,A Mahar,CAPTIVE,3343,Mahar,457
35891de62bab83d5b312ddeb835c7e0b245e3282,test,Who was Keaton's lawyer?,Edie Finneran,Edie Finneran,Who was Keaton s lawyer ?,Edie Finneran,Edie Finneran,lawyer,4362,Edie Finneran,665
361364f57460139410c4130a1e7a58caf152c2bd,train,Who is Flor Moreno to Christina Moreno?,Mother.,she is her mother,Who is Flor Moreno to Christina Moreno ?,Mother .,she is her mother,Flor Moreno,1232,mother,9583
3634471ed994ee7d4f382d8e7edbc56de5c28c42,train,Who is Dickie to Herbert Greenleaf?,his son,His son,Who is Dickie to Herbert Greenleaf ?,his son,His son,Dickie,274,son,387
3675e52aa687967667e5769337f0378715da9e3b,train,Who is Isabel Lahiri?,the Europol detective investigating the stock certificate theft,Detective,Who is Isabel Lahiri ?,the Europol detective investigating the stock certificate theft,Detective,ISABEL LAHIRI,2637,detective,2921
36cdfca4aa4ecf0692b4c17f8fdc5c22dcf4d2e5,test,Who is Stella?,Stella is Uri's accountant and the object of his affection.,She is Uri's accountant,Who is Stella ?,Stella is Uri s accountant and the object of his affection .,She is Uri s accountant,Stella,798,accountant,1947
3886c254e53796b195d75a1208bdaf0ade8ffd9c,train,Who is Dr Margo?,Biologist ,An evolutionary biologist,Who is Dr Margo ?,Biologist,An evolutionary biologist,Margo,517,Biologist,586
38e24416d39a0a285ef1693adad25c9ed0c94487,train,Who is Mirtha in relation to George?,His wife,His wife. ,Who is Mirtha in relation to George ?,His wife,His wife .,MIRTHA,3528,wife,4770
3988c295053fe9eb18747b735259fe78a7e760fd,test,Who is Archibald Molfam's father-in-law?,Daniel Brewster,Daniel Brewster,Who is Archibald Molfam s father-in-law ?,Daniel Brewster,Daniel Brewster,father-in-law,9814,Daniel Brewster,153
3988c295053fe9eb18747b735259fe78a7e760fd,test,Who is Lucille?,Archie's wife.,Archie's wife,Who is Lucille ?,Archie s wife .,Archie s wife,Lucille,66,wife,7261
39ab35eb8bdecda3cfd79433774fc63c7c699171,train,Who is Bettina in relation to Rosalie?,her sister,Her sister ,Who is Bettina in relation to Rosalie ?,her sister,Her sister,Bettina,427,sister,427
39b1f44ec2639226b6025140e2a7e7eaf570409e,train,Who is Lisa's brother?,Richie,Richie,Who is Lisa s brother ?,Richie,Richie,except for Lisa and her brother,290,unloading Richie carefully,290
39c5eed544ceeb78eb3202d040eb35361d96945f,valid,Who is Valka?,Hiccup's mother who was believed dead.,Hiccup's mother,Who is Valka ?,Hiccup s mother who was believed dead .,Hiccup s mother,VALKA,2966,mother,1047
39c9fc154b2cc4030d2732fab674fc246eb28aed,test,Who is Benjamin Baker?,a barber,Sweeney Todd,Who is Benjamin Baker ?,a barber,Sweeney Todd,Benjamin,917,barber,899
39c9fc154b2cc4030d2732fab674fc246eb28aed,test,Who is Sweeney Todd's daughter?,Johanna,Johanna,Who is Sweeney Todd s daughter ?,Johanna,Johanna,daughter,1057,Johanna,6405
39f11774cd462fe3c40283af7c3778d18b78acb9,train,Who is Dante's current girlfriend?,Veronica Loughran,Vernonica,Who is Dante s current girlfriend ?,Veronica Loughran,Vernonica,girlfriend,1644,VERONICA,7961
39f11774cd462fe3c40283af7c3778d18b78acb9,train,Who is Caitlin Bree?,Dante's high school girlfriend.,A high school girlfriend of Dante's,Who is Caitlin Bree ?,Dante s high school girlfriend .,A high school girlfriend of Dante s,Caitlin Bree,2100,ex-girlfriend,3733
39fcd8f28d3cf91de459a71953a9ecaaea9f82b5,train,Who is Gray the paid compaion to?,Rosamund Hunt,Rosamund Hunt,Who is Gray the paid compaion to ?,Rosamund Hunt,Rosamund Hunt,companion,1030,Rosamund Hunt,192
39fcd8f28d3cf91de459a71953a9ecaaea9f82b5,train,Who is Smith's prosecutor?,Moses Gould,Moses Gould,Who is Smith s prosecutor ?,Moses Gould,Moses Gould,prosecutor,5393,Moses Gould,270
3a82541bb17890577626925533f6549efe5cf08e,test,Who is Marat Buzhayev?,The owner of the night club.,Bobby's boss,Who is Marat Buzhayev ?,The owner of the night club .,Bobby s boss,MARAT BUZHAYEV,420,owner,7025
3b017861cf026262a8fa4a2027a51f3218d38b13,train,Who is Ozias Midwinter's stepfather?,Mr. Neal,Mr Neal,Who is Ozias Midwinter s stepfather ?,Mr. Neal,Mr Neal,stepfather,3642,Neal,3553
3b2427be8d3bbfe55590d1ce307f778ede5bbcd9,train,Who is Larry?,Frank's brother,Frank's brother,Who is Larry ?,Frank s brother,Frank s brother,FRANK,4144,brother,4817
3b2427be8d3bbfe55590d1ce307f778ede5bbcd9,train,Who is Kristy?,Larry and Julia's daughter.,Larry's daughter,Who is Kristy ?,Larry and Julia s daughter .,Larry s daughter,Kirsty,627,daughter,717
3b44f7e2fd553e6026c16fac3b179346a49647a3,train,Who is Edwards's brother? ,"Edmund, Earl of Kent","Edmund, Earl of Kent",Who is Edwards s brother ?,"Edmund , Earl of Kent","Edmund , Earl of Kent",brother,2668,Edmund,2781
3bbc2ac0b3ad1f68b4d7cf3d27e26a06268a80d1,test,Who is Patty?,Phoebe's maid.,Phoebe's maid.,Who is Patty ?,Phoebe s maid .,Phoebe s maid .,Patty,300,maid,3315
3c386a5d7ed42d052b9dfb9c609e6c11015196b4,train,Who is Carmela to Vito Corleone?,Carmela is Vito Corleone's spouse. ,wife,Who is Carmela to Vito Corleone ?,Carmela is Vito Corleone s spouse .,wife,Carmella,2630,wife,8265
3c3dcc7b23c9b81de635e563ed1ee52b52a895c0,train,Who is William?,Kaiser Wilhelm II.,Kaiser Wlihelm II,Who is William ?,Kaiser Wilhelm II .,Kaiser Wlihelm II,William,3392,Kaiser,3695
3d248aa8bba34b3f5199c1aed1443b9fa3395d03,train,Who is Pete Dayton?,A young auto mechanic who was found in place of Fred at the prison cell.,A young auto mechanic who was found in Franks cell,Who is Pete Dayton ?,A young auto mechanic who was found in place of Fred at the prison cell .,A young auto mechanic who was found in Franks cell,PETE DAYTON,2164,mechanic,2565
3d59cad31537c384e1fde9cc33c518595115a621,train,Who is Frederick Lovel?,Earl Lovel's distant cousin.,Lord Lovel's distant cousin.,Who is Frederick Lovel ?,Earl Lovel s distant cousin .,Lord Lovel s distant cousin .,Frederic Lovel,410,cousin,413
3dddbcc83358a72adfd1c957ae3cbfc1d194a143,test,WHO IS MADAME D'ESTREES TO KITTY BRISTOL?,HER MOTHER,Her mother,WHO IS MADAME D'ESTREES TO KITTY BRISTOL ?,HER MOTHER,Her mother,Kitty Bristol,1132,mother,753
3e1d81664f7e7386e7b392ba670be09e3cf857ab,test,Who is Ellen to Rosemary?,Her sister,Ellen is Rosemary's sister.,Who is Ellen to Rosemary ?,Her sister,Ellen is Rosemary s sister .,Ellen,3421,sister,6010
401274da0bb38ce2581280e3b557744d176bd66f,train,Who is Racer X?,Rex Racer.,"Racer X is Speed's brother, Rex, in disguise.",Who is Racer X ?,Rex Racer .,"Racer X is Speed s brother , Rex , in disguise .",Racer X,1451,Rex Racer,1420
403479540337f035a011f0ea84b4770e31e18207,test,Who is McClane's wife?,Holly,holly,Who is McClane s wife ?,Holly,holly,wife,719,Holly,936
407624e45c153cdd848f539d37ca8b5d448f9580,train,Who is Vada?,She is an 11-year old tomboyish girl.,an 11 year old tomboyish girl,Who is Vada ?,She is an 11-year old tomboyish girl .,an 11 year old tomboyish girl,Vada,254,girl,4568
407624e45c153cdd848f539d37ca8b5d448f9580,train,Who is Thomas J. Sennett?,He is Vada's best friend who has too many allergies to count,an unpopular boy with a lot of allergies,Who is Thomas J. Sennett ?,He is Vada s best friend who has too many allergies to count,an unpopular boy with a lot of allergies,Thomas J,237,friend,4445
40a0872b40344eac6dfdc73e7bbb984e5ac49bac,train,Who is Bini Aru?,Kiki's father,a munchkin,Who is Bini Aru ?,Kiki s father,a munchkin,Bini Aru,146,father,207
424b3b5481b6fa3c49c83f8c347e7ccac9ceb163,train,Who is Deborah to Wolfe?,She is his cousin.,She is his cousin.,Who is Deborah to Wolfe ?,She is his cousin .,She is his cousin .,Deborah,132,cousin,133
424b3b5481b6fa3c49c83f8c347e7ccac9ceb163,train,Who is Wolfe's cousin?,Deborah,Deborah,Who is Wolfe s cousin ?,Deborah,Deborah,cousin,133,Deborah,132
424b3b5481b6fa3c49c83f8c347e7ccac9ceb163,train,Who is Kirby's son?,Clarke,Clarke,Who is Kirby s son ?,Clarke,Clarke,son,465,Clarke,465
44287f57e8bc2b329dbd0d5750e6747781ae50fe,train,Who is Neverbend's son?,Jack,Jack,Who is Neverbend s son ?,Jack,Jack,son,230,Jack,6251
44287f57e8bc2b329dbd0d5750e6747781ae50fe,train,Who is Britanula's oldest citizen?,Gabriel Crasweller,Gabriel Crasweller,Who is Britanula s oldest citizen ?,Gabriel Crasweller,Gabriel Crasweller,citizen,3347,Gabriel Crasweller,532
44287f57e8bc2b329dbd0d5750e6747781ae50fe,train,Who is Britannula's oldest citizen?,"Gabriel Crasweller, he was born in 1913",crawsweller ,Who is Britannula s oldest citizen ?,"Gabriel Crasweller , he was born in 1913",crawsweller,his,3347,Gabriel Crasweller,1372
44287f57e8bc2b329dbd0d5750e6747781ae50fe,train,Who is Abraham Grundle?,"a young senator that believe as Neverbend does, but is engaged to Crasweller's daughter",A young Senator.,Who is Abraham Grundle ?,"a young senator that believe as Neverbend does , but is engaged to Crasweller s daughter",A young Senator .,Abraham Grundle,816,senator,1781
485b86c3ffec91e89fbc846985944adc0cf73c80,test,Who is Indefer Jones' only male relative?,"His nephew, Henry Jones.",His nephew Henry Jones,Who is Indefer Jones ' only male relative ?,"His nephew , Henry Jones .",His nephew Henry Jones,relative,7129,nephew,4054
485b86c3ffec91e89fbc846985944adc0cf73c80,test,Who is Indefer's niece?,Isabel Brodrick,Isabel.,Who is Indefer s niece ?,Isabel Brodrick,Isabel .,niece,325,Isabel,367
485b86c3ffec91e89fbc846985944adc0cf73c80,test,Who is Indefer's only male heir?,his nephew Henry Jones,Henry.,Who is Indefer s only male heir ?,his nephew Henry Jones,Henry .,male heir,686,nephew,4054
4c428ffec939a3607a4da2e68ca684c03f6e8959,train,Who is Katharine's cousin?,Thomas Culpeper,Thomas Culpeper,Who is Katharine s cousin ?,Thomas Culpeper,Thomas Culpeper,cousin,634,Thomas Culpepper,633
4c428ffec939a3607a4da2e68ca684c03f6e8959,train,Who is Lady Mary?,The king's eldest daughter,King Henry's eldest daughter.,Who is Lady Mary ?,The king s eldest daughter,King Henry s eldest daughter .,Lady Mary,84,daughter,7602
4c428ffec939a3607a4da2e68ca684c03f6e8959,train,Who is Thomas Cromwell?,The Lord Privy Seal,The Lord Privy Seal,Who is Thomas Cromwell ?,The Lord Privy Seal,The Lord Privy Seal,Thomas Cromwell,211,Privy Seal,9158
4d9f09db509c6ee9f523b2499ed019af1d762c21,test,Who is La?,La is the high priestess that serves the Flaming God of Opar.,A high priestess.,Who is La ?,La is the high priestess that serves the Flaming God of Opar .,A high priestess .,La,834,Priestess,1094
4d9f09db509c6ee9f523b2499ed019af1d762c21,test,Who is Albert Werper?,Someone hired by a criminal to follow Tarzan.,Belgian officer,Who is Albert Werper ?,Someone hired by a criminal to follow Tarzan .,Belgian officer,Albert Werper,69,man,7091
4d9f09db509c6ee9f523b2499ed019af1d762c21,test,Who is La?,The high priestess and servant to the Flaming God of Opar.,A priestess who is a servant of the Flaming God of Opar.,Who is La ?,The high priestess and servant to the Flaming God of Opar .,A priestess who is a servant of the Flaming God of Opar .,La,834,Priestess,834
4e075eb7a0ce3017e38cfa6fe3e558591f36ea77,train,Who is their only visitor?,Danny,Local drug dealer Danny,Who is their only visitor ?,Danny,Local drug dealer Danny,he,683,him,820
4e075eb7a0ce3017e38cfa6fe3e558591f36ea77,train,Who was Monty?,Withnail Uncle?,Withnail's uncle and a homosexual.,Who was Monty ?,Withnail Uncle ?,Withnail s uncle and a homosexual .,Monty,581,Uncle,581
4e959a5d22e1968a1950ac836a1ba0cc3edffa41,valid,Who is Mrs.Graham's son?,Arthur.,Arthur.,Who is Mrs.Graham s son ?,Arthur .,Arthur .,Mrs. Graham,644,son,1181
4e959a5d22e1968a1950ac836a1ba0cc3edffa41,valid,Who is Mr Lawrence to Mrs Helen Graham?,Her brother.,her brother,Who is Mr Lawrence to Mrs Helen Graham ?,Her brother .,her brother,Mr. Lawrence,893,brother,15342
505d50d3d0e05c17a28348c30da57b00118b81fd,train,Who is Bajazeth?,The Emperor of the Turks.,Emporer of Turks,Who is Bajazeth ?,The Emperor of the Turks .,Emporer of Turks,Bajazeth,148,emperor,1147
505d50d3d0e05c17a28348c30da57b00118b81fd,train,Who is Callapine?,Bajazeth's son,son of bajazeth,Who is Callapine ?,Bajazeth s son,son of bajazeth,Callapine,343,son,343
505d50d3d0e05c17a28348c30da57b00118b81fd,train,Who is Bajazeth?,Emperor of the Turks,Emperor of the Turks,Who is Bajazeth ?,Emperor of the Turks,Emperor of the Turks,Bajazeth,343,emperor,1125
518b93650f7e95289f694bccd0fd9f2da1d12369,train,Who is Commodore Hawser Trunnion?,An old seaman who raises Peregrine Pickle.,a seaman and misogynist,Who is Commodore Hawser Trunnion ?,An old seaman who raises Peregrine Pickle .,a seaman and misogynist,Hawser Trunnion,381,seaman,5303
518b93650f7e95289f694bccd0fd9f2da1d12369,train,Who is Emelia?,Peregrine's wife,Peregrines beloved,Who is Emelia ?,Peregrine s wife,Peregrines beloved,Emilia,3571,wife,30079
544bc77598d7a9e1229e251e6fc6056c39237037,train,WHO IS DARIAN TO JOE?,HIS DAUGHTER,Darian is Joe's daughter. ,WHO IS DARIAN TO JOE ?,HIS DAUGHTER,Darian is Joe s daughter .,Darian,1170,daughter,3916
544bc77598d7a9e1229e251e6fc6056c39237037,train,Who is Cory the stripper's boyfriend?,"James ""Jimmy"" Alexander Dix",James Alexander Dix,Who is Cory the stripper s boyfriend ?,James Jimmy Alexander Dix,James Alexander Dix,girl friend,1339,CORY,1351
55ac84541ede6e0f1106b2e4ab01a2bac2f21e39,test,Who is Tartlet?,"Godfrey's mentor, teacher, and dance instructor.",Godfrey's teacher,Who is Tartlet ?,"Godfrey s mentor , teacher , and dance instructor .",Godfrey s teacher,Tartlet,1103,his,1598
570c8d99794d019e34b3ead4b4fcf80bb0fac459,train,Who is Lora Baines? ,Kevin Flynn's ex-girlfriend,Flynn's ex-girlfriend.,Who is Lora Baines ?,Kevin Flynn s ex-girlfriend,Flynn s ex-girlfriend .,LORA,1409,you,2247
570c8d99794d019e34b3ead4b4fcf80bb0fac459,train,Who was Lora Baines?,Kevin Flynn ex-girlfriend,Flynn's ex-girlfriend.,Who was Lora Baines ?,Kevin Flynn ex-girlfriend,Flynn s ex-girlfriend .,Flynn,708,him,1662
570c8d99794d019e34b3ead4b4fcf80bb0fac459,train,Who was Yori?,Tron's love,Trons love,Who was Yori ?,Tron s love,Trons love,Yori,4468,She,4533
570c8d99794d019e34b3ead4b4fcf80bb0fac459,train,Who is Kevin Flynn ex-girlfriend? ,Lora Baines. ,Lora Baines,Who is Kevin Flynn ex-girlfriend ?,Lora Baines .,Lora Baines,her,2032,LORA,7825
570c8d99794d019e34b3ead4b4fcf80bb0fac459,train,Who is Kevin Flynn? ,A software Engeneer. ,A software engineer who runs a video arcade.,Who is Kevin Flynn ?,A software Engeneer .,A software engineer who runs a video arcade .,FLYNN,745,he,1931
57dd0337b2fc1821f75618b2ba1e8d78c504b2f8,train,Who is Carter's beloved? ,Dejah Thoris,Dejah Thoris.,Who is Carter s beloved ?,Dejah Thoris,Dejah Thoris .,her,3069,Dejah Thoris,2411
57dd0337b2fc1821f75618b2ba1e8d78c504b2f8,train,Who is Dejha Thoris?,A Princess of Helium,The princess of Helium.,Who is Dejha Thoris ?,A Princess of Helium,The princess of Helium .,Dejah Thoris,2356,Princess,2360
5a3c3fa94456d41df5d8711b33687c39f2aa1ca8,test,Who is Crawly's Daughter?,Grace,Grace,Who is Crawly s Daughter ?,Grace,Grace,daughter,690,Grace,893
5c8b96c00b579c1e89e0ffeedb47e6d122e4c159,train,Who is Earl's daughter?,Jane,Jane,Who is Earl s daughter ?,Jane,Jane,Daughter,2136,Jane,6025
5ccdde3f4dcf2b0c2fc2bd386a6b88fe8b3cc29b,valid,Who is Josephine to Sharon?,Her mother.,Her mother,Who is Josephine to Sharon ?,Her mother .,Her mother,her,7544,Mother,7728
5ccdde3f4dcf2b0c2fc2bd386a6b88fe8b3cc29b,valid,Who is Larry to Sharon?,Her brother.,her brother,Who is Larry to Sharon ?,Her brother .,her brother,LARRY,908,brother,908
5d98d6db87225fde51cea450d8712cb6073df2e7,train,Who was Alexander the son of?,The Greek Emperor Alexander ,Greek emperor Alexander,Who was Alexander the son of ?,The Greek Emperor Alexander,Greek emperor Alexander,the father,1366,Alexander,284
5d98d6db87225fde51cea450d8712cb6073df2e7,train,Who is Alexander and Soredamors' son?,Cliges,Cliges,Who is Alexander and Soredamors ' son ?,Cliges,Cliges,the child,1510,Cliges,3967
5d98d6db87225fde51cea450d8712cb6073df2e7,train,Who is Alexander's brother?,Alis,Alis,Who is Alexander s brother ?,Alis,Alis,brother,1534,Alis,183
5df7b23024d86a042fcdcb06ee485d528317a156,test,Who was responsible for the virus?,Dr. Peters.,Cole,Who was responsible for the virus ?,Dr. Peters .,Cole,PETERS,2503,"DR. MASON'S ASSISTANT",5062
5fc06920c10c190e4abcbe8f68803a7025cc0889,train,Who is Tatiana?,Grant's daughter,Grant's daughter.,Who is Tatiana ?,Grant s daughter,Grant s daughter .,TATIANA,397,daughter,1738
5fc06920c10c190e4abcbe8f68803a7025cc0889,train,Who was Sophina?,Grant's girlfriend.,oscar grant's girlfriend,Who was Sophina ?,Grant s girlfriend .,oscar grant s girlfriend,Sophina,4063,girl,4199
6031da6fa93ad9cac1b6da6586010aab81c7b4da,train,Who is Elsa's younger sister?,Anna,Anna,Who is Elsa s younger sister ?,Anna,Anna,sister,302,Anna,315
6031da6fa93ad9cac1b6da6586010aab81c7b4da,train,Who is Olaf?,Childhood snowman of Elsa and Anna ,Elsa and Anna's childhood snowman.,Who is Olaf ?,Childhood snowman of Elsa and Anna,Elsa and Anna s childhood snowman .,Olaf,388,snowman,383
60510bf4be495aeb1b4640a7a058b4ae7c04b884,test,Who is McTeague?,A Dentist.,He is a poor dentist.,Who is McTeague ?,A Dentist .,He is a poor dentist .,McTeague,69,the dentist,269
60510bf4be495aeb1b4640a7a058b4ae7c04b884,test,Who is Marcus?,McTeague's bestfriend,McTeague's best friend.,Who is Marcus ?,McTeague s bestfriend,McTeague s best friend .,Marcus Schouler,269,one intimate friend,269
608b8bcc44bdd6e1c03517468ebad835aa98ec28,test,WHO IS BEAUMELLE TO ROCHMONT?,HIS DAUGHTER,his daughter,WHO IS BEAUMELLE TO ROCHMONT ?,HIS DAUGHTER,his daughter,Beaumelle,3948,daughter,5167
608b8bcc44bdd6e1c03517468ebad835aa98ec28,test,WHO IS BELLEPERT TO BEAUMELLE?,HER WAITING WOMAN,Bellepert is her lady in waiting,WHO IS BELLEPERT TO BEAUMELLE ?,HER WAITING WOMAN,Bellepert is her lady in waiting,Bellapert,3603,You,3971
67ca24897196449395daa9886c7fbaceab55c964,train,Who is Joey Lamotta?,Jake's brother,A boxer,Who is Joey Lamotta ?,Jake s brother,A boxer,JAKE LAMOTTA,223,brother,1155
681778326e846ea9979ff3aed4ee9668abe7d489,valid,Who is Jani?,A gambler who befriend's Jack,A gambler and robber. ,Who is Jani ?,A gambler who befriend s Jack,A gambler and robber .,JANI,1836,this woman,1853
68ee401e0c66832834f605b625d5062b06a59515,train,Who is Freeman's brother?,Anton,Anton,Who is Freeman s brother ?,Anton,Anton,brother,1297,VINCENT,1171
68ee401e0c66832834f605b625d5062b06a59515,train,Who is responsible for the accident with Jerome?,Vincent,Jerome,Who is responsible for the accident with Jerome ?,Vincent,Jerome,the two young men,1310,the two boys,1316
6963fca5fa63778623b93b656f9da7389aad065c,train,Who is Eilert to George?,An academic rival,rival,Who is Eilert to George ?,An academic rival,rival,Eilert,1086,rival,1080
6963fca5fa63778623b93b656f9da7389aad065c,train,Who is Eilert to Hedda?,A former lover,Her former lover.,Who is Eilert to Hedda ?,A former lover,Her former lover .,George,5132,him,5143
6963fca5fa63778623b93b656f9da7389aad065c,train,Who is behind Eilert's recovery from alcoholism?,Thea,Thea,Who is behind Eilert s recovery from alcoholism ?,Thea,Thea,She,5438,Thea,9671
6963fca5fa63778623b93b656f9da7389aad065c,train,Who is Eilerts former lover?,Hedda,Hedda,Who is Eilerts former lover ?,Hedda,Hedda,Eilert,4548,me,5235
69add8ffcf964d23243ac02b7282d57beb63c355,valid,Who is Gertie to Michael?,His little sister.,His little sister ,Who is Gertie to Michael ?,His little sister .,His little sister,Gertie,609,sister,955
6a02d46e87865ba5b033c56c658af2bfdd182093,valid,Who is Meister Eckhart?,A 14th century mystic who described Hell.,A 14th century christian mystic ,Who is Meister Eckhart ?,A 14th century mystic who described Hell .,A 14th century christian mystic,Meister Eckart,4626,he,4654
6a02d46e87865ba5b033c56c658af2bfdd182093,valid,Who was Jezzie?,The woman he dated and lived with after the war.,Jacob's girlfriend,Who was Jezzie ?,The woman he dated and lived with after the war .,Jacob s girlfriend,JEZZIE,566,WOMAN,564
6a659de3aa344680261aaf152a26bf7a20fe22f2,train,Who is chief elder of one of the Amahagger tribes?,Billali,Billali ,Who is chief elder of one of the Amahagger tribes ?,Billali,Billali,The old man,2893,Billali,2909
6a659de3aa344680261aaf152a26bf7a20fe22f2,train,Who is Ayesha confident of becomming the reincarnation of her former lover?,Leo,Leo,Who is Ayesha confident of becomming the reincarnation of her former lover ?,Leo,Leo,a reincarnation,11634,Leo,823
6a659de3aa344680261aaf152a26bf7a20fe22f2,train,Who is ustane?,an amahagger maiden,A maiden of Amahagger,Who is ustane ?,an amahagger maiden,A maiden of Amahagger,Ustane,3090,her,3016
6a659de3aa344680261aaf152a26bf7a20fe22f2,train,Who is vincey?,colleague,Leo's father,Who is vincey ?,colleague,Leo s father,Vincey,5856,Leo,4821
6aa4c6be53eff0024e5c84f99ac94cddff4eb8f0,test,Who is Brian?,Jean's new husband.,current husband of Harvey's ex-wife,Who is Brian ?,Jean s new husband .,current husband of Harvey s ex-wife,Jean,1731,our baby girl,1750
6b1832c46e0b3566463444ec9209b8f1ed6c7ac6,valid,Who is Nicky Rogan? ,Nicky Rogan is a successful play writer. ,a platwright,Who is Nicky Rogan ?,Nicky Rogan is a successful play writer .,a platwright,Nicky Rogan,308,a lonely spooky writer,2864
6b63890ba5900ef88f6a04c5da1b522bb618a9c8,train,Who is Davison?,Queen Elizabeth's undersecretary,Elizabeth's undersecratary,Who is Davison ?,Queen Elizabeth s undersecretary,Elizabeth s undersecratary,Davison,5417,secretary,6961
6b63890ba5900ef88f6a04c5da1b522bb618a9c8,train,Who is Elizabeth?,Mary's cousin,The Queen of Enland,Who is Elizabeth ?,Mary s cousin,The Queen of Enland,Elizabeth,1155,She,2022
6b63890ba5900ef88f6a04c5da1b522bb618a9c8,train,Who is Darnley?,Mary Stewart's deceased husband,The deceased husband of Mary Stuart,Who is Darnley ?,Mary Stewart s deceased husband,The deceased husband of Mary Stuart,Darnley,586,husband,611
6b63890ba5900ef88f6a04c5da1b522bb618a9c8,train,Who is Mary to Elizabeth?,She is her cousin.,her cousin,Who is Mary to Elizabeth ?,She is her cousin .,her cousin,MARY,773,her,6877
6b63890ba5900ef88f6a04c5da1b522bb618a9c8,train,Who is Mortimer to Mary?,"Her custodian's nephew, who supports her claim and wishes to help her.",The nephew of her custodian.,Who is Mortimer to Mary ?,"Her custodian s nephew , who supports her claim and wishes to help her .",The nephew of her custodian .,MORTIMER,535,nephew,735
6bb78f3d321f2a5b63edf9ffcfb4900f73ecd4dc,train,Who is Princess Kitty's brother-in law?,Oblonsky,Oblonksy Konstantin,Who is Princess Kitty s brother-in law ?,Oblonsky,Oblonksy Konstantin,Kitty,992,sister-in-law,1088
6bb78f3d321f2a5b63edf9ffcfb4900f73ecd4dc,train,Who is Anna's brother?,Oblonsky.,Oblonsky,Who is Anna s brother ?,Oblonsky .,Oblonsky,Anna,661,sister,3002
6bb78f3d321f2a5b63edf9ffcfb4900f73ecd4dc,train,Who is Oblonsky's sister-in-law?,Princess Kitty,Princess Kitty.,Who is Oblonsky s sister-in-law ?,Princess Kitty,Princess Kitty .,sister-in-law,992,Kitty,992
6bec7c2bdd0b01296bc9020288d833709e54cd52,test,Who is Easy Andy?,an illegal gun dealer,gun dealer,Who is Easy Andy ?,an illegal gun dealer,gun dealer,Andy,945,He,3336
6cfe7052daf187b667538b2858849a84c1f6b049,valid,Who is Lady Blythe to Innocent?,Her birth mother. ,she is her mother,Who is Lady Blythe to Innocent ?,Her birth mother .,she is her mother,Lady Blythe,6401,mother,1857
6d2e1b95ed2a00e16e046b6f3d0b03e687c7f7f7,valid,Who is Elaine Dickinson?,Ted's old girlfriend,A flight attendant.,Who is Elaine Dickinson ?,Ted s old girlfriend,A flight attendant .,a man,497,TED STRIKER,409
6d2e1b95ed2a00e16e046b6f3d0b03e687c7f7f7,valid,Who is Elaine Dickson?,"Ted's former girlfriend, now a flight attendant",Ted's wartime girlfriend.,Who is Elaine Dickson ?,"Ted s former girlfriend , now a flight attendant",Ted s wartime girlfriend .,her,282,you,473
6dede499df79827ea44d634f07b998b90ee4a05d,test,Who is Kitty Killigrew?,The soubrette of the American Opera Company.,A beautiful singer,Who is Kitty Killigrew ?,The soubrette of the American Opera Company .,A beautiful singer,Kitty Killigrew,819,a singer,1917
6e3b7afa7408ab6c6f63b29841f1ed5139311571,train,Who is Prince Bulbo the son of?,he is the son of King Padella,King Padella,Who is Prince Bulbo the son of ?,he is the son of King Padella,King Padella,Prince Bulbo,1082,son,392
6e3b7afa7408ab6c6f63b29841f1ed5139311571,train,Who is Princess Angelica?,She is King Valoroso's daughter,The daughter of King Valoroso.,Who is Princess Angelica ?,She is King Valoroso s daughter,The daughter of King Valoroso .,Angelica,147,daughter,2341
6ea31b70e5af494ad2b7623d06b6487b3953b20d,test,Who is Solomon Northup?,A free American man working as a violinist.,Free African American,Who is Solomon Northup ?,A free American man working as a violinist .,Free African American,Solomon Northup,732,player,733
6ed5d860df4edd3d32f1aca52ec369f0d21039a0,test,Who is Mary Ann?,The Mathews' daughter.,Mary Ann is a girl that appears to have been murdered on film,Who is Mary Ann ?,The Mathews ' daughter .,Mary Ann is a girl that appears to have been murdered on film,Mary Anne Mathews,2153,daughter,1706
6ed5d860df4edd3d32f1aca52ec369f0d21039a0,test,Who is Daniel Longdale an attorney for?,Mrs Christian.,Mrs. Christian,Who is Daniel Longdale an attorney for ?,Mrs Christian .,Mrs. Christian,Longdale,643,attorney,644
706d21321f927fefba090bf9af88835ac99035b0,train,WHO IS BEATRICE?,LEONATO'S NIECE,Leonatos niece.,WHO IS BEATRICE ?,LEONATO S NIECE,Leonatos niece .,Beatrice,33,niece,457
706d21321f927fefba090bf9af88835ac99035b0,train,WHO IS HERO TO LEONATO?,HIS DAUGHTER,daughter,WHO IS HERO TO LEONATO ?,HIS DAUGHTER,daughter,Hero,31,daughter,32
706d21321f927fefba090bf9af88835ac99035b0,train,WHO IS URSULA TO HERO?,HER MAID,Hero's Maid,WHO IS URSULA TO HERO ?,HER MAID,Hero s Maid,Vrsula,2139,Vrsu,2016
706d21321f927fefba090bf9af88835ac99035b0,train,WHO IS MARGARET?,HERO'S CHAMBERMAID,Hero's chambermaid ,WHO IS MARGARET ?,HERO S CHAMBERMAID,Hero s chambermaid,Margaret,1463,Marg,1479
706d21321f927fefba090bf9af88835ac99035b0,train,WHO IS ANTONIO TO LEONATO?,HIS BROTHER,brother,WHO IS ANTONIO TO LEONATO ?,HIS BROTHER,brother,Anth,713,Brother,2885
706d21321f927fefba090bf9af88835ac99035b0,train,Who was Beatrice?,Leonato's niece,Niece of Leonato,Who was Beatrice ?,Leonato s niece,Niece of Leonato,Beatrice,33,Neece,33
706d21321f927fefba090bf9af88835ac99035b0,train,Who was Hero?,Leonato's daughter,Leonato's daughter.,Who was Hero ?,Leonato s daughter,Leonato s daughter .,Hero,31,daughter,32
7106fc99070090d24c52168a4d1e0727b296fa20,train,Who is Ruth?,"Ruth is Mahlon's widow, and Naomi's daughter-in-law. ",Mahlons wife,Who is Ruth ?,"Ruth is Mahlon s widow , and Naomi s daughter-in-law .",Mahlons wife,Ruth,858,she,915
7106fc99070090d24c52168a4d1e0727b296fa20,train,Who was Ploni Almoni?,"A closer relative to Ruth's husband than Boaz, therefore he was given first choice to take her or not.",A close male relative of Ruth and Naomi. ,Who was Ploni Almoni ?,"A closer relative to Ruth s husband than Boaz , therefore he was given first choice to take her or not .",A close male relative of Ruth and Naomi .,Ruth,896,her mother,915
7106fc99070090d24c52168a4d1e0727b296fa20,train,Who is Ruth's grandson?,Jesse,Jesse,Who is Ruth s grandson ?,Jesse,Jesse,Ruth,858,his mother,1774
7162d653cc3ccecd569009c27b38dac1da6499ee,train,Who is Alison?,Eldon Parr's daughter.,Parr's daughter,Who is Alison ?,Eldon Parr s daughter .,Parr s daughter,Alison,606,daughter,1420
7162d653cc3ccecd569009c27b38dac1da6499ee,train,Who is Eldon Parr?,The wealthiest member of the church.,The most wealthy and powerful man at St. John's Church.,Who is Eldon Parr ?,The wealthiest member of the church .,The most wealthy and powerful man at St. John s Church .,Eldon Parr,572,a member of the congregation,5709
7235e7853e8ea8ba99b6d7a386d8de03b3887ace,valid,Who is Annette Hargrove?,The virgin daughter of their school's new headmaster,virgin daughter of the headmaster,Who is Annette Hargrove ?,The virgin daughter of their school s new headmaster,virgin daughter of the headmaster,Annette Harrison,909,daughter,933
73b739350f4657b6831e951b890b0894a5886607,test,Who is Paxton's ex-girldfriend?,Gertrude,Gertrude,Who is Paxton s ex-girldfriend ?,Gertrude,Gertrude,me,2578,Gert,2566
73b739350f4657b6831e951b890b0894a5886607,test,Who is Ramone?,The locally famous over the hill stripper,a stripper,Who is Ramone ?,The locally famous over the hill stripper,a stripper,Ramone,6076,guy,6077
73b739350f4657b6831e951b890b0894a5886607,test,Who is their immigration inspector?,Mr. Gilbertson,Mr. Gilbertson,Who is their immigration inspector ?,Mr. Gilbertson,Mr. Gilbertson,He,856,MR. GILBERTSON,957
750ec3a9ab4879f2593fb1baed81e6b449a5c755,test,Who is Arwen's lover?,Strider,Strider,Who is Arwen s lover ?,Strider,Strider,A Ranger,3636,Strider,2902
754184dec0d686d0b8b9ad7e1dc15bf0eb5027f5,valid,Who is Bateman's lawyer?,Harold.,Harold,Who is Bateman s lawyer ?,Harold .,Harold,lawyer,4934,Harold,4933
754184dec0d686d0b8b9ad7e1dc15bf0eb5027f5,valid,Who is Patrick's secretary?,Jean,Jean.,Who is Patrick s secretary ?,Jean,Jean .,secretary,738,JEAN,738
76971e76743f5a4defedb9ef516560a323fc2eac,train,Who is April's boyfriend?,Casey Jones.,Casey Jones.,Who is April s boyfriend ?,Casey Jones .,Casey Jones .,you,7234,CASEY JONES,1358
76971e76743f5a4defedb9ef516560a323fc2eac,train,Who is April O'Neil's boy freind? ,Casey Jones. ,Casey Jones ,Who is April O'Neil s boy freind ?,Casey Jones .,Casey Jones,"APRIL O'NEIL",1330,babe,1373
76971e76743f5a4defedb9ef516560a323fc2eac,train,Who is Yaotl? ,An ancient Aztec warlord. ,An Aztec warlord.,Who is Yaotl ?,An ancient Aztec warlord .,An Aztec warlord .,YAOTL,2540,he,2602
77e055181c15321c82ef247dc7f421a30433456f,train,Who is Random's maternal uncle?,Tom Bowling,Tom Bowling.,Who is Random s maternal uncle ?,Tom Bowling,Tom Bowling .,uncle,618,Tom Bowling,5640
77e055181c15321c82ef247dc7f421a30433456f,train,Who is Random's uncle?,Tom Bowling,Tom Bowling.,Who is Random s uncle ?,Tom Bowling,Tom Bowling .,uncle,678,Tom Bowling,5640
77e055181c15321c82ef247dc7f421a30433456f,train,Who is Rory's uncle?,Tom Bowling,Tom Bowling.,Who is Rory s uncle ?,Tom Bowling,Tom Bowling .,Rory,1168,Thomas Bowling,1177
7805e001c28ab9aa85f51b3244a9f57fe972f5a9,train,Who is Belinda's guardian?,Sylph Ariel,slyph ariel,Who is Belinda s guardian ?,Sylph Ariel,slyph ariel,guardian,944,Sylph,1041
7805e001c28ab9aa85f51b3244a9f57fe972f5a9,train,Who is Baron?,One of Belinda's suitors,suitor of belinda,Who is Baron ?,One of Belinda s suitors,suitor of belinda,Baron,1329,him,1388
790e4567fa3788b2a778212e7321b3a1e1cbbe57,train,Who was Rome at war with?,Volsci,Volsic,Who was Rome at war with ?,Volsci,Volsic,country,908,Rome,290
790e4567fa3788b2a778212e7321b3a1e1cbbe57,train,Who was exiled/banished from Rome?,Coriolanus,Coriolanus,Who was exiled/banished from Rome ?,Coriolanus,Coriolanus,a man,251,Coriolanus,1949
790e4567fa3788b2a778212e7321b3a1e1cbbe57,train,Who is Coriolanus' Wife?,Virgilia,Virgilia,Who is Coriolanus ' Wife ?,Virgilia,Virgilia,wife,822,VIRGILIA,822
790e4567fa3788b2a778212e7321b3a1e1cbbe57,train,Who is Rome at war with?,Volsci.,Volsci,Who is Rome at war with ?,Volsci .,Volsci,Rome,753,country,6190
790e4567fa3788b2a778212e7321b3a1e1cbbe57,train,Who is Caius Martius?,A Roman general.,A general,Who is Caius Martius ?,A Roman general .,A general,Coriolanus,6167,general,6073
790e4567fa3788b2a778212e7321b3a1e1cbbe57,train,Who is Volumnia?,Coriolanus' mother.,Coriolanus' mother,Who is Volumnia ?,Coriolanus ' mother .,Coriolanus ' mother,Volumnia,872,mother,3384
790e4567fa3788b2a778212e7321b3a1e1cbbe57,train,Who is Virgilia?,Coriolanus' wife.,Coriolanus's wife,Who is Virgilia ?,Coriolanus ' wife .,Coriolanus s wife,VIRGILIA,822,wife,822
7aa7b07e8f87871690bf6f194d17adb9c6384ad4,train,Who is Evanthe's maid?,Cleone,Cleone.,Who is Evanthe s maid ?,Cleone,Cleone .,maid,905,Cleone,950
7aa7b07e8f87871690bf6f194d17adb9c6384ad4,train,Who is Gotarzes?,A prince.,A prince.,Who is Gotarzes ?,A prince .,A prince .,Gotarzes,3512,Prince,4272
7c41a74fb0e568bd5fc658282facbf79bf541271,test,Who is Rollo Tomasi?,The nickname of the man who killed Ed Exley's father.,Exley's father's unknown assailant ,Who is Rollo Tomasi ?,The nickname of the man who killed Ed Exley s father .,Exley s father s unknown assailant,Rollo Tomasi,5339,He,5349
7c531dc41880b96b8acfaf66a39a85b91d68b636,train,Who is Lucy?,Sam's young daughter,Sam's daughter,Who is Lucy ?,Sam s young daughter,Sam s daughter,Lucy,348,daughter,1340
7c531dc41880b96b8acfaf66a39a85b91d68b636,train,Who is Rita Harrison?,A big shot lawyer who takes Sam's case pro bono to help him retain his parental rights.,Sam's lawyer,Who is Rita Harrison ?,A big shot lawyer who takes Sam s case pro bono to help him retain his parental rights .,Sam s lawyer,RITA,1918,lawyer,2067
7c963cf6567bcfcf092c9bb3d72d09562ba6b794,test,Who is Dionne?,Cher's best friend,cher's best friend,Who is Dionne ?,Cher s best friend,cher s best friend,Dionne,439,friend,439
7ca86634d9d6d9f9f6ce2f9db0ca42f6a807b2ba,test,Who is Anna's stepson?,Owen,Owen,Who is Anna s stepson ?,Owen,Owen,stepson,110,Owen Leath,110
7ca86634d9d6d9f9f6ce2f9db0ca42f6a807b2ba,test,Who is Effie's governess?,Sophy Viner.,sophy viner,Who is Effie s governess ?,Sophy Viner .,sophy viner,governess,2371,Sophy Viner,442
7ca86634d9d6d9f9f6ce2f9db0ca42f6a807b2ba,test,Who is Owen's grandmother?,The Dowager Marquis de Chantelle.,Dowager Marquise de Chantelle,Who is Owen s grandmother ?,The Dowager Marquis de Chantelle .,Dowager Marquise de Chantelle,grandmother,2918,Madame de Chantelle,10223
7ca86634d9d6d9f9f6ce2f9db0ca42f6a807b2ba,test,Who is Adelaide Painter?,An old family friend.,An old family friend.,Who is Adelaide Painter ?,An old family friend .,An old family friend .,Adelaide Painter,2943,the lady,6140
7e4d0d1411048ca6d9a04d4eeab1837d650b228d,test,Who was Jean?,Douglas's wife,DOUGLAS' WIFE,Who was Jean ?,Douglas s wife,DOUGLAS ' WIFE,DOUGLAS,460,your,2422
812fcb34b18fa3ebdce2e26f5a31c3cc8683e72f,test,Who is Caden Cotard's wife?,Adele,Claire,Who is Caden Cotard s wife ?,Adele,Claire,you,4204,CLAIRE,1557
812fcb34b18fa3ebdce2e26f5a31c3cc8683e72f,test,Who is Adele?,Caden's first wife.,Caden's wife,Who is Adele ?,Caden s first wife .,Caden s wife,Adele,213,wife,1841
812fcb34b18fa3ebdce2e26f5a31c3cc8683e72f,test,Who is Hazel?,A woman who works in the box office that Caden has an affair with.  ,"A woman who works in the box office who Caden has a fling with, a relationship that carries on after she is married",Who is Hazel ?,A woman who works in the box office that Caden has an affair with .,"A woman who works in the box office who Caden has a fling with , a relationship that carries on after she is married",Hazel,1097,You,7770
821b9a891aac7ceb29a0054e9e6d3eb7d2234af6,train,Who is Arnholm?,Bolette's former tutor.,A daughter of Dr. Wangel,Who is Arnholm ?,Bolette s former tutor .,A daughter of Dr. Wangel,Arnholm,95,tutor,98
821b9a891aac7ceb29a0054e9e6d3eb7d2234af6,train,Who is Arnholm?,Bolette's former tutor.,A daughter of Dr. Wangel,Who is Arnholm ?,Bolette s former tutor .,A daughter of Dr. Wangel,Arnholm,425,tutor,1945
828c99d509e808fedfb0675781a5d137c4dfe0b7,train,Who is Alice Poulson?,Hoffman's girlfriend.,"Hoffman's girlfriend, an ex-con hired by NURV to manipulate him.",Who is Alice Poulson ?,Hoffman s girlfriend .,"Hoffman s girlfriend , an ex-con hired by NURV to manipulate him .",ALICE POULSON,389,girlfriend,1305
828c99d509e808fedfb0675781a5d137c4dfe0b7,train,Who is Milo Hoffman?,A young owner of Skullbocks,Stanford Graduate.,Who is Milo Hoffman ?,A young owner of Skullbocks,Stanford Graduate .,Milo,2108,him,2294
828c99d509e808fedfb0675781a5d137c4dfe0b7,train,Who is Gary Winston?,The CEO of NURV who offers Milo a software job at his company,CEO of NURV,Who is Gary Winston ?,The CEO of NURV who offers Milo a software job at his company,CEO of NURV,GARY,1588,his,1693
828c99d509e808fedfb0675781a5d137c4dfe0b7,train,Who is Lisa Calighan?,A coworker who agrees to help Hoffman but is really a double agent.,Friend and co-worker,Who is Lisa Calighan ?,A coworker who agrees to help Hoffman but is really a double agent .,Friend and co-worker,LISA,1278,this girl,2198
83351acb498ae98e3b652dcbcdc3a615e83e2f63,train,Who is Duke Senior's daughter?,Rosalind,Rosalind.,Who is Duke Senior s daughter ?,Rosalind,Rosalind .,daughter,702,Rosalind,160
83351acb498ae98e3b652dcbcdc3a615e83e2f63,train,Who is Touchstone?,The court clown,court clown ,Who is Touchstone ?,The court clown,court clown,Touchstone,1047,Clowne,1021
83351acb498ae98e3b652dcbcdc3a615e83e2f63,train,Who is Orlando's brother?,Oliver,Oliver,Who is Orlando s brother ?,Oliver,Oliver,brother,59,Oli,134
85591366e6f0ab31815c40d55e1d4d5182d20ec5,train,Who is on his deathbed?,Kane,Charles Foster Kane,Who is on his deathbed ?,Kane,Charles Foster Kane,his,2260,Kane,8673
85591366e6f0ab31815c40d55e1d4d5182d20ec5,train,Who is Kane's business manager?,Bernstein,Bernstein,Who is Kane s business manager ?,Bernstein,Bernstein,manager,1176,Bernstein,1177
85591366e6f0ab31815c40d55e1d4d5182d20ec5,train,Who is Emily Norton's uncle?,The President of the United States.,The President of the United States,Who is Emily Norton s uncle ?,The President of the United States .,The President of the United States,uncle,5246,President,5245
86124527eecec5f80742149412e04a52909228e7,train,Who is Aucassin?,Son of count Garin Beaucaire,Son of Count Garin of Beaucaire,Who is Aucassin ?,Son of count Garin Beaucaire,Son of Count Garin of Beaucaire,Aucassin,241,son,241
86124527eecec5f80742149412e04a52909228e7,train,Who is Nicolette?,Aucassin love,A Saracen maiden in love with Aucassin.,Who is Nicolette ?,Aucassin love,A Saracen maiden in love with Aucassin .,Nicolette,211,maiden,939
87fe5dafbe80516d43917d624a49f61c3f5d2f06,test,Who is Imam?,A Muslim priest.,A Muslim Priest,Who is Imam ?,A Muslim priest .,A Muslim Priest,IMAM,772,his,5518
89310fab440108c81d027f0407ad1a8ed20f9c24,train,Who is Julio Madariaga's oldest daughter?,She is the wife of Marcelo Desonyers.,Marcelo's wife,Who is Julio Madariaga s oldest daughter ?,She is the wife of Marcelo Desonyers .,Marcelo s wife,daughter,1692,wife,1742
89310fab440108c81d027f0407ad1a8ed20f9c24,train,Who is Julio Desnoyers?,The son of Marcelo Desnoyers and his wife.,The son of Marcelo Desnoyers.,Who is Julio Desnoyers ?,The son of Marcelo Desnoyers and his wife .,The son of Marcelo Desnoyers .,a boy,2265,Julio Desnoyers,2274
897c6dbe8ac017f03e773168f3172bca343731a2,train,Who is Stacy?,The hit man hired by Avery,A hit-man.,Who is Stacy ?,The hit man hired by Avery,A hit-man .,Stacy,3292,you,3323
897c6dbe8ac017f03e773168f3172bca343731a2,train,Who is Valentine's security agent?,Avery,Avery.,Who is Valentine s security agent ?,Avery,Avery .,consultant,3121,Avery,3108
8b5a5e185f5a7d9f240a38d396205831967418ff,test,Who was Lady Glencora's closest confidant?,Mrs. Finn.,Mrs. Finn,Who was Lady Glencora s closest confidant ?,Mrs. Finn .,Mrs. Finn,friend,7601,Mrs. Finn,7565
8b6f5b48584406378734c720276da32e9d93adeb,train,WHO IS LUCY DEANE'S SUITOR?,STEPHEN GUEST,Stephen Guest,WHO IS LUCY DEANE S SUITOR ?,STEPHEN GUEST,Stephen Guest,you,14652,Stephen Guest,14622
8b6f5b48584406378734c720276da32e9d93adeb,train,Who is Lucy Deane to Maggie?,Her cousin.,Her cousin,Who is Lucy Deane to Maggie ?,Her cousin .,Her cousin,my,14717,Lucy,14715
8b801dd3b69733e83206589fe5646f63838e5e1b,valid,Who is Linda to Earl?,His trophy wife. ,Linda is Earl's wife.,Who is Linda to Earl ?,His trophy wife .,Linda is Earl s wife .,LINDA,1239,wife,6500
8b801dd3b69733e83206589fe5646f63838e5e1b,valid,Who is Donnie Smith?,"Donnie smith is a former winner on ""What do Kids Know?"" whose parents spent his prize money.",a former What Do Kids Know? champion whose parents spent his prize money,Who is Donnie Smith ?,Donnie smith is a former winner on What do Kids Know ? whose parents spent his prize money .,a former What Do Kids Know ? champion whose parents spent his prize money,DONNIE,2803,you,2879
8bed193f6ba9d1e50cc86f0b56531dc33bb8d409,test,Who is Ed's brother?,Ray,Ray,Who is Ed s brother ?,Ray,Ray,brother,486,RAY,491
8c363b08c0232e49fcf1e41b00a1719e2fa0d157,train,Who is Clifford to Charlotte?,Her Brother.,Mr. Wentworth's son,Who is Clifford to Charlotte ?,Her Brother .,Mr. Wentworth s son,Charlotte,1242,sister,1250
8c363b08c0232e49fcf1e41b00a1719e2fa0d157,train,Who is Felix to Eugenia?,It is her brother.,Her brother,Who is Felix to Eugenia ?,It is her brother .,Her brother,Felix,334,brother,295
8d34e0da546a23ce02b96f88aaba16054764807f,test,Who is Billy Moorcroft?,A Utah boy who goes mysteriously missing.,A missing boy.,Who is Billy Moorcroft ?,A Utah boy who goes mysteriously missing .,A missing boy .,BILLY MOORCROFT,1785,the missing boy,2192
916835cb4bcb3baa6333e7cca25bef7710dbdcbc,test,Who is Rosemary?,Olive's mother,Olive's mother,Who is Rosemary ?,Olive s mother,Olive s mother,ROSEMARY,1139,mother,1139
92134f0c9dc82e7b2cc9afd5896ae8dc7d6d088e,train,Who is Geoffry Howe?,Lady Thatcher's Deputy that resigned,A politician ,Who is Geoffry Howe ?,Lady Thatcher s Deputy that resigned,A politician,GEOFFREY HOWE,2188,He,4934
92134f0c9dc82e7b2cc9afd5896ae8dc7d6d088e,train,Who is Thatcher's deputy?,Geoffrey Howe,Geoffrey Howe,Who is Thatcher s deputy ?,Geoffrey Howe,Geoffrey Howe,Margaret Thatcher,2869,her,3539
922ac7cfbc0ffe736ce42b2f0035caed42364bed,valid,Who is Linda's boyfriend?,Doyle,Doyle Hargraves,Who is Linda s boyfriend ?,Doyle,Doyle Hargraves,boyfriend,1953,Doyle Hargraves,1954
92e3d1558dc50b861ca5d07bfef2f030b4e785e7,train,Who is Comte de Mauves' sister?,Madame de Clarian,Madame de clairin,Who is Comte de Mauves ' sister ?,Madame de Clarian,Madame de clairin,sister-in-law,2419,Madame Clairin,893
92e3d1558dc50b861ca5d07bfef2f030b4e785e7,train,Who was naive and idealistic as a child?,Madame de Mauves,Madame de Mauves,Who was naive and idealistic as a child ?,Madame de Mauves,Madame de Mauves,her,176,Madame de Mauves,2386
94328b4aa4b54eab7b004ee7ecbaff9536498590,test,Who is Thomasina Tittlemouse?,"A ""resourceful"" wood mouse",A wood mouse.,Who is Thomasina Tittlemouse ?,A resourceful wood mouse,A wood mouse .,Thomasina Tittlemouse,116,woodmouse,117
94dc6d01df88f97843813efb11e5d7e48562c869,valid,Who is Dain Maroola?,"A Malayan prince who wanted to talk to Almayer about trading, but ended up falling in love with Almayer's daughter Nina.",a Malayan prince,Who is Dain Maroola ?,"A Malayan prince who wanted to talk to Almayer about trading , but ended up falling in love with Almayer s daughter Nina .",a Malayan prince,Dain Maroola,1369,prince,2391
96fe0d2109b097524413be7ec351eb78f40b8feb,train,Who is Scott Roper?,The best hostage negotiator in San Francisco.,the best hostage negotiator in San Francisco,Who is Scott Roper ?,The best hostage negotiator in San Francisco .,the best hostage negotiator in San Francisco,Scott Roper,464,negotiator,473
96fe0d2109b097524413be7ec351eb78f40b8feb,train,"Who is Veronica ""Ronnie"" Tate?",A newspaper reporter.,A newspaper reporter,Who is Veronica Ronnie Tate ?,A newspaper reporter .,A newspaper reporter,VERONICA (RONNIE) TATE,801,She,4457
96fe0d2109b097524413be7ec351eb78f40b8feb,train,"Who is Veronica ""Ronnie"" Tate's boyfriend?",Scott Roper,Scott Roper,Who is Veronica Ronnie Tate s boyfriend ?,Scott Roper,Scott Roper,you,4580,VERONICA (RONNIE) TATE,801
96fe0d2109b097524413be7ec351eb78f40b8feb,train,Who is Korda?,A professional jewel thief.,Korda Is a professional  Jewel thief,Who is Korda ?,A professional jewel thief .,Korda Is a professional Jewel thief,Korda,3666,thief,3666
987d3e31dc8b6029a2b9450243e122c8862bbc24,train,Who is Pernilla?,Mikael Bomkvist's daughter.,Blomkvist's daughter,Who is Pernilla ?,Mikael Bomkvist s daughter .,Blomkvist s daughter,Pernilla,734,daughter,659
987d3e31dc8b6029a2b9450243e122c8862bbc24,train,Who is Anita?,Harriet's cousin,The cousin of Harriet,Who is Anita ?,Harriet s cousin,The cousin of Harriet,Anita,2598,cousin,4877
987d3e31dc8b6029a2b9450243e122c8862bbc24,train,Who is Harriet?,Henrik Vanger's grandniece who disappeared and is assumed dead,Henrick's grandniece,Who is Harriet ?,Henrik Vanger s grandniece who disappeared and is assumed dead,Henrick s grandniece,Harriet,1140,granddaughter,1140
987d3e31dc8b6029a2b9450243e122c8862bbc24,train,Who is Nils Bjurman?,Salander's new legal guardian who she blackmails,Salander's new guardian.,Who is Nils Bjurman ?,Salander s new legal guardian who she blackmails,Salander s new guardian .,BJURMAN,2186,guardian,1917
987d3e31dc8b6029a2b9450243e122c8862bbc24,train,Who is Holger Palmgren?,Salanders old caretaker who she confides in about her feelings for Blomkvist,Salander's previous guardian.,Who is Holger Palmgren ?,Salanders old caretaker who she confides in about her feelings for Blomkvist,Salander s previous guardian .,Palmgren,1912,him,2241
997d5c49c59f9ac935fe208ed84c5500cf649c98,test,Who is Cynthia Webb?,"She is Davinci's mistress, the stripper who they use to pin the murder on Joe",A local stripper and Divinci's mistress.,Who is Cynthia Webb ?,"She is Davinci s mistress , the stripper who they use to pin the murder on Joe",A local stripper and Divinci s mistress .,CYNTHIA,584,she,590
9a03551bf48072d870d6aa0b3cbcd3028ca8e5ac,train,Who is Alleyne the son of?,Edric,Edric.,Who is Alleyne the son of ?,Edric,Edric .,Alleyne,508,The youth,510
9a03551bf48072d870d6aa0b3cbcd3028ca8e5ac,train,Who is Mary to Sir Nigel?,his wife,his wife,Who is Mary to Sir Nigel ?,his wife,his wife,Mary,5639,wife,4132
9bb9407d60ce0a2e7b57defe538f8578ea79493b,test,Who was Feemy?,Local prostitute.,the local prostitute,Who was Feemy ?,Local prostitute .,the local prostitute,FEEMY,3748,a rose,3858
9c97f8fe3e6e78aa8d35e3c4759a4d1f766000bc,test,Who is Ramon Esperanza?,A dictator and drug lord from Velverde.,he is a drug lord and dictator of Val Verde,Who is Ramon Esperanza ?,A dictator and drug lord from Velverde .,he is a drug lord and dictator of Val Verde,Ramon Esperanza,388,Esperanza,3762
9cd25b973d253386eaebbb7f2f7821dc7518f6d6,test,Who is Francis Dollarhyde?,The Tooth Fairy,"The ""tooth fairy""/ the killer ",Who is Francis Dollarhyde ?,The Tooth Fairy,The tooth fairy / the killer,Francis Dollarhyde,8063,Tooth Fairy,4740
9e7069f1b5816540f2eb1cc238c59439f7c4345c,train,Who is Terry Benedict's girlfriend?,Tess,Tess,Who is Terry Benedict s girlfriend ?,Tess,Tess,woman,468,Tess,1181
9e7069f1b5816540f2eb1cc238c59439f7c4345c,train,Who is Tess?,Danny's ex wife.,Danny's ex-wife and Benedict's current girlfriend,Who is Tess ?,Danny s ex wife .,Danny s ex-wife and Benedict s current girlfriend,Tess,1181,wife,272
9f83c8e49f5a53b211caf37cbdc659f97d2ef30a,train,WHO IS CRAIG SCWARTZ'S WIFE?,LOTTE,Lotte,WHO IS CRAIG SCWARTZ S WIFE ?,LOTTE,Lotte,honey,248,Craig,345
a03d6a5ddf48beb93529c87571fad8e02d17b373,train,Who is Jeannine?,Conrad's girlfriend,She is a fellow student Conrad is dating.,Who is Jeannine ?,Conrad s girlfriend,She is a fellow student Conrad is dating .,tenor,4424,Conrad,226
a03d6a5ddf48beb93529c87571fad8e02d17b373,train,Who is Beth in relationship to Conrad?,She is his mother,She is his mother,Who is Beth in relationship to Conrad ?,She is his mother,She is his mother,Beth,286,mother,1381
a414849832c3837bdc7e1316dfd9976485cf13b7,train,Who is Samuel's older brother?,Junior.,Junior.,Who is Samuel s older brother ?,Junior .,Junior .,brother,2302,Samuel,4541
a414849832c3837bdc7e1316dfd9976485cf13b7,train,Who was in the emergency room and why?,suzie was in the emegency room because she grasped the knife.,Suzie was in the emergency room after she suffered a wound when grasping the knife that Samuel and Junior were struggling over during their fight.,Who was in the emergency room and why ?,suzie was in the emegency room because she grasped the knife .,Suzie was in the emergency room after she suffered a wound when grasping the knife that Samuel and Junior were struggling over during their fight .,you,4643,Suzie,4652
a69fee0515cdb067fec5c42fa88ace5c9639118c,train,Who was Joanna?,Ted's wife,Ted's wife,Who was Joanna ?,Ted s wife,Ted s wife,JOANNA,259,wife,542
a69fee0515cdb067fec5c42fa88ace5c9639118c,train,Who was Billy?,Ted and Joanna son,Billy is Ted and Joanna's son.,Who was Billy ?,Ted and Joanna son,Billy is Ted and Joanna s son .,Billy,261,son,7672
a6abf42f24dac561c0245f7638c6693d5a73bc28,train,Who is Marina?,She is the fiancee of Demetrius and the daughter of Mnischek. ,Demetrius' fiancee.,Who is Marina ?,She is the fiancee of Demetrius and the daughter of Mnischek .,Demetrius ' fiancee .,MARINA,773,daughter,275
a6abf42f24dac561c0245f7638c6693d5a73bc28,train,Who is Demetrius the son of?,Ivan the Terrible. ,Ivan The Terrible,Who is Demetrius the son of ?,Ivan the Terrible .,Ivan The Terrible,son,156,Ivan,342
a7dda57366f6c9e627b4cbd97b89e3645551d258,test,Who is responsible for Bussy's destruction?,"Tamyra's husband, Montsurry.",Montsurry.,Who is responsible for Bussy s destruction ?,"Tamyra s husband , Montsurry .",Montsurry .,Montsurry,558,husband,600
a7dda57366f6c9e627b4cbd97b89e3645551d258,test,Who is Bussy's brother?,Clermont D'Ambois.,Clermont D'Ambois,Who is Bussy s brother ?,Clermont D'Ambois .,Clermont D'Ambois,brother,1051,Clermont,8326
a7dda57366f6c9e627b4cbd97b89e3645551d258,test,Who is Clermont's brother?,Bussy. ,Bussy,Who is Clermont s brother ?,Bussy .,Bussy,brother,7363,Bussy,7363
a7dda57366f6c9e627b4cbd97b89e3645551d258,test,Who is Claremont a follower of? ,Duc de Guise. ,The Duc de Guise.,Who is Claremont a follower of ?,Duc de Guise .,The Duc de Guise .,lord,1062,Guise,1061
a7dda57366f6c9e627b4cbd97b89e3645551d258,test,Who is Tymra? ,Bussey's former lover. ,Tamyra is Montsurry's wife.,Who is Tymra ?,Bussey s former lover .,Tamyra is Montsurry s wife .,Tamyra,547,wife,558
a8e98a0a5f40a1eaa07a6219130671a51ea6eaac,train,Who is Madame Raquin's son?,Camille,Camille.,Who is Madame Raquin s son ?,Camille,Camille .,son,324,Camille,327
a8e98a0a5f40a1eaa07a6219130671a51ea6eaac,train,Who is Laurent?,Camille's childhood friend.,A childhood friend of Camille and Therese's affair partner.,Who is Laurent ?,Camille s childhood friend .,A childhood friend of Camille and Therese s affair partner .,Laurent,133,friend,876
a9498e8974748cf3d5b25e455138591a6da4cf5e,train,Who is William Miller's wife?,Olivia Carteret's illigitimate half sister Janet,janet,Who is William Miller s wife ?,Olivia Carteret s illigitimate half sister Janet,janet,wife,1996,Janet,9720
a9498e8974748cf3d5b25e455138591a6da4cf5e,train,Who is William Miller?,A black physician who moves back to Wellington to practice medicine.,A physician.,Who is William Miller ?,A black physician who moves back to Wellington to practice medicine .,A physician .,Miller,1503,physician,9493
a9498e8974748cf3d5b25e455138591a6da4cf5e,train,Who is Sandy Campbell?,A woman accused of killing Polly Olichtree unjustly.,A servant.,Who is Sandy Campbell ?,A woman accused of killing Polly Olichtree unjustly .,A servant .,Delamere,647,him,3907
ac807f3965591f8e23d3565d473fbf5e77264fd7,train,Who is Hero's wife?,Heroine.,Heroine.,Who is Hero s wife ?,Heroine .,Heroine .,baby,2298,Heroine,3811
ac807f3965591f8e23d3565d473fbf5e77264fd7,train,Who is Bozo's brother?,Hot Wheels.,Bozo's brother is Hot Wheels,Who is Bozo s brother ?,Hot Wheels .,Bozo s brother is Hot Wheels,brother,4672,PARA,2425
ad63a9aa1afa22bf51451da2e2f45d9543c9ca62,train,Who is Lisa?,Lisa is Jeff's girlfriend.,She is Jeff's girlfriend.,Who is Lisa ?,Lisa is Jeff s girlfriend .,She is Jeff s girlfriend .,LISA,1404,girl,7693
ad63a9aa1afa22bf51451da2e2f45d9543c9ca62,train,Who is Stella?,Jeff's nurse who comes to check on him frequently. ,jeff's insurance company's nurse,Who is Stella ?,Jeff s nurse who comes to check on him frequently .,jeff s insurance company s nurse,STELLA,892,nurse,973
ae029461fcf47fb7c4e9e2574c7fb936ca29937b,test,Who is Anne's new neighbor?,Mr. Harrison,Mr Harrison,Who is Anne s new neighbor ?,Mr. Harrison,Mr Harrison,neighbor,133,Mr. Harrison,160
b1b2826a2726fe62ceae88b01bf0be24d95a9d39,train,Who is Claude in relation to Margot?,Her son,Her son,Who is Claude in relation to Margot ?,Her son,Her son,Claude,211,son,2136
b1b2826a2726fe62ceae88b01bf0be24d95a9d39,train,Who is pregnant?,Pauline,Margot,Who is pregnant ?,Pauline,Margot,I,650,PAULINE,680
b236a647b02cd1b003edbf96ab501e8d6aea6c6d,test,Who is Agness?,Jake's second wife.,Jake's second wife.,Who is Agness ?,Jake s second wife .,Jake s second wife .,AGNESS,303,wife,4880
b2ea4fae4188c23a975683eaeb43ed2ac698f7c0,train,Who is Kimball O'Hara?,The son of an Irish soldier and Irish mother who both died in poverty.,He is an orphan.,Who is Kimball O'Hara ?,The son of an Irish soldier and Irish mother who both died in poverty .,He is an orphan .,Kimball O’Hara,74,orphan,7048
b2ea4fae4188c23a975683eaeb43ed2ac698f7c0,train,Who is Mahbub Ali?,A member of the British SS and a horse trader.,A native operative of the British Secret service.,Who is Mahbub Ali ?,A member of the British SS and a horse trader .,A native operative of the British Secret service .,Mahbub Ali,774,the horse-trader,774
b2fd5522ca8f334235d3e481ff91ddd982e84d02,train,WHO IS ROHASENA TO CHARUDATTA?,HIS SON,his son,WHO IS ROHASENA TO CHARUDATTA ?,HIS SON,his son,Rohasena,724,son,761
b2fd5522ca8f334235d3e481ff91ddd982e84d02,train,WHO IS VASANTHASENA TO CHARUDATTA?,HIS MISTRISS,His mistress.,WHO IS VASANTHASENA TO CHARUDATTA ?,HIS MISTRISS,His mistress .,Vasantasenā,4995,mistress,5319
b2fd5522ca8f334235d3e481ff91ddd982e84d02,train,WHO IS MADANIKA TO VASANTHASENA?,HER SLAVE,Her slave,WHO IS MADANIKA TO VASANTHASENA ?,HER SLAVE,Her slave,Madanikā,3888,me,4000
b2fd5522ca8f334235d3e481ff91ddd982e84d02,train,WHO IS SARVILAKA TO MADANIKA?,HER LOVER,Her lover .,WHO IS SARVILAKA TO MADANIKA ?,HER LOVER,Her lover .,Sharvilaka,4038,lord,4035
b38ea90791d8f8be86027c57edcea26dba5fcb44,test,Who is George Somerset?,Paula's architect,An architecht from London,Who is George Somerset ?,Paula s architect,An architecht from London,George Somerset,173,architect,3089
b38ea90791d8f8be86027c57edcea26dba5fcb44,test,Who is George Somerset?,An architect employed by Paula Power,an architect,Who is George Somerset ?,An architect employed by Paula Power,an architect,Somerset,1086,architect,2822
b3a2d33cda85a84d90b6a4a9f88ab920e2c9643f,test,Who is Constance in relation to Cesar?,his wife,Constance is Cesar's wife.,Who is Constance in relation to Cesar ?,his wife,Constance is Cesar s wife .,Constance,172,wife,11617
b3a2d33cda85a84d90b6a4a9f88ab920e2c9643f,test,Who is Cesar's wife?,Constance,Constance.,Who is Cesar s wife ?,Constance,Constance .,wife,172,Constance,597
b510383c844f4f423a9e5ca63daa4b665916aa96,test,Who is Maia to Arnold Rubek? ,His wife.,She is his wife.,Who is Maia to Arnold Rubek ?,His wife .,She is his wife .,MAIA,185,wife,4399
b510383c844f4f423a9e5ca63daa4b665916aa96,test,Who is Irena to Arnold?,"The former model of his sculpture called ""Resurrection"". ",She is his artistic muse and nude model.,Who is Irena to Arnold ?,The former model of his sculpture called Resurrection .,She is his artistic muse and nude model .,Irene,1540,model,2037
b61541153e7d52f0238fb8014efbad42728143fa,test,"Who is Delia, really?",Mrs. Malaprop.,Mrs. Malaprop.,"Who is Delia , really ?",Mrs. Malaprop .,Mrs. Malaprop .,Delia,1832,Mrs. Malaprop,4913
b73035c123d8fab8f2be18dd9759bedbf1bbaf20,train,Who is Nabote?,The Queen of the Faries,The Queen of the Fairies,Who is Nabote ?,The Queen of the Faries,The Queen of the Fairies,Nabote,6769,she,6899
b833410a8ff29952ca664319cb3462f2fd07d4f9,valid,Who is Dwayne Murney?,The vice principal,Dwayne Murney is the vice principal of the school.,Who is Dwayne Murney ?,The vice principal,Dwayne Murney is the vice principal of the school .,MURNEY,2135,vice principal,2084
bb6376e342dc66b433066219e35995b491923a16,test,Who is Iola's grandmother?,Harriet,Harriet,Who is Iola s grandmother ?,Harriet,Harriet,grandmother,6104,Harriet,5020
bddb5d539d43bd3d63ca9ff7266e424eb5854521,valid,Who is Verdell?,Simon's dog.,Simon's dog ,Who is Verdell ?,Simon s dog .,Simon s dog,Verdell,297,dog,1094
bfa4337d607ac8fc05b9fe976d4f166d96cd99c4,train,Who is Yanko Goorall?,The emigrant,An emigrant from Central Europe,Who is Yanko Goorall ?,The emigrant,An emigrant from Central Europe,Yanko,859,emigrant,240
bfa4337d607ac8fc05b9fe976d4f166d96cd99c4,train,Who is Johnny?,Amy and Yanko's son.,Yanko and Amy's son.,Who is Johnny ?,Amy and Yanko s son .,Yanko and Amy s son .,Johnny,1126,child,98
bfd50b1cf73709308ab4ad727d829c5fca23480c,test,Who is Whistler to Blade? ,An old friend.,He is an old friend,Who is Whistler to Blade ?,An old friend .,He is an old friend,Whistler,1014,old man,4210
bff116935a9696fc3351f49dd8a45a1ad9986458,test,Who is lthe attorneys wife?,Amaranta,amaranta,Who is lthe attorneys wife ?,Amaranta,amaranta,wife,6019,Amaranta,5738
bff116935a9696fc3351f49dd8a45a1ad9986458,test,Who is Ascencio?,Henriques son,Jamie's friend.,Who is Ascencio ?,Henriques son,Jamie s friend .,Asc,239,Boy,294
bff116935a9696fc3351f49dd8a45a1ad9986458,test,Who is octavio?,Ascencio. Step dad,Ascanio's pretended father.,Who is octavio ?,Ascencio . Step dad,Ascanio s pretended father .,Octavio,731,you,856
c002791c4ff779710ca7ba8d8cde2ac4b27d28b3,train,Who is Tarr?,A British spy who insists there is a British intelligence mole. ,A spy brittish,Who is Tarr ?,A British spy who insists there is a British intelligence mole .,A spy brittish,TUFTY THESINGER,2901,spy,2902
c0aa30a9c4eeace0c59ae36a6f9387b553e8c245,train,WHO IS APAECIDES TO IONE?,HER BROTHER,He rescued her from Arbaces.,WHO IS APAECIDES TO IONE ?,HER BROTHER,He rescued her from Arbaces .,Apaecides,1543,brother,5755
c0aa30a9c4eeace0c59ae36a6f9387b553e8c245,train,Who is Ione's former guardian?,Arbaces,Arbaces,Who is Ione s former guardian ?,Arbaces,Arbaces,guardian,5979,Arbaces,1368
c231d777e69681b32aff6a29bcb70932bc60c0a9,test,Who is Ellen to Robert?,His wife.,his spouse,Who is Ellen to Robert ?,His wife .,his spouse,Ellen,415,wife,2502
c2e872845e99f82ddfa5a3ed84f985a04b6729e6,test,Who is David Dokos?,George's neighbor who is trying to stop the construction of the house because it is 6 inches too tall,George's neighbor,Who is David Dokos ?,George s neighbor who is trying to stop the construction of the house because it is 6 inches too tall,George s neighbor,DAVID DOKOS,330,He,6206
